,Entity_Type_SQL,Object_Type_SQL,FunctionSubSet_id,Granularity,set_of_pm_paths,FunctionSubSet Name SQL,Import,Import Rank,counters_list
0,BSC6900UMTS,Cell,67109365,60,{'D:\\Hourly_PM_Files\\3G_hourly_PM_Files\\pmexport_20190505\\pmresult_67109365_60_201905051400_201905051500.csv'},RRC_Connection_Setup,YES,1,"""RRC.AttConnEstab.CallReEst"",""RRC.AttConnEstab.Conv.Platinum"",""RRC.AttConnEstab.Detach"",""RRC.AttConnEstab.EmgCall"",""RRC.AttConnEstab.IRATCCO"",""RRC.AttConnEstab.IRATCelRes"",""RRC.AttConnEstab.MBMSPtp"",""RRC.AttConnEstab.MBMSRep"",""RRC.AttConnEstab.OrgBkgCall"",""RRC.AttConnEstab.OrgConvCall"",""RRC.AttConnEstab.OrgHhPrSig"",""RRC.AttConnEstab.OrgInterCall"",""RRC.AttConnEstab.OrgLwPrSig"",""RRC.AttConnEstab.OrgStrCall"",""RRC.AttConnEstab.OrgSubCall"",""RRC.AttConnEstab.Platinum"",""RRC.AttConnEstab.Reg"",""RRC.AttConnEstab.Rep.CallReEst"",""RRC.AttConnEstab.Rep.Detach"",""RRC.AttConnEstab.Rep.EmgCall"",""RRC.AttConnEstab.Rep.IRATCCO"",""RRC.AttConnEstab.Rep.IRATCelRes"",""RRC.AttConnEstab.Rep.OrgBkgCall"",""RRC.AttConnEstab.Rep.OrgConvCall"",""RRC.AttConnEstab.Rep.OrgHhPrSig"",""RRC.AttConnEstab.Rep.OrgInterCall"",""RRC.AttConnEstab.Rep.OrgLwPrSig"",""RRC.AttConnEstab.Rep.OrgStrCall"",""RRC.AttConnEstab.Rep.OrgSubCall"",""RRC.AttConnEstab.Rep.Reg"",""RRC.AttConnEstab.Rep.TmBkgCall"",""RRC.AttConnEstab.Rep.TmConvCall"",""RRC.AttConnEstab.Rep.TmHhPrSig"",""RRC.AttConnEstab.Rep.TmInterCall"",""RRC.AttConnEstab.Rep.TmLwPrSig"",""RRC.AttConnEstab.Rep.TmStrCall"",""RRC.AttConnEstab.Rep.Unknown"",""RRC.AttConnEstab.TmBkgCall"",""RRC.AttConnEstab.TmConvCall"",""RRC.AttConnEstab.TmHhPrSig"",""RRC.AttConnEstab.TmInterCall"",""RRC.AttConnEstab.TmLwPrSig"",""RRC.AttConnEstab.TmStrCall"",""RRC.AttConnEstab.Unknown"",""RRC.SuccConnEstab.CallReEst"",""RRC.SuccConnEstab.Conv.Platinum"",""RRC.SuccConnEstab.Detach"",""RRC.SuccConnEstab.EmgCall"",""RRC.SuccConnEstab.IRATCCO"",""RRC.SuccConnEstab.IRATCelRes"",""RRC.SuccConnEstab.MBMSPtp"",""RRC.SuccConnEstab.MBMSRep"",""RRC.SuccConnEstab.OrgBkgCall"",""RRC.SuccConnEstab.OrgConvCall"",""RRC.SuccConnEstab.OrgHhPrSig"",""RRC.SuccConnEstab.OrgInterCall"",""RRC.SuccConnEstab.OrgLwPrSig"",""RRC.SuccConnEstab.OrgStrCall"",""RRC.SuccConnEstab.OrgSubCall"",""RRC.SuccConnEstab.Platinum"",""RRC.SuccConnEstab.Reg"",""RRC.SuccConnEstab.TmBkgCall"",""RRC.SuccConnEstab.TmConvCall"",""RRC.SuccConnEstab.TmHhPrSig"",""RRC.SuccConnEstab.TmItrCall"",""RRC.SuccConnEstab.TmLwPrSig"",""RRC.SuccConnEstab.TmStrCall"",""RRC.SuccConnEstab.Unkown"",""RRC.SuccConnEstab.sum"",""VS.CU.FC.Num.CPU.OverLoad"",""VS.CellDCHUEs.PTT"",""VS.CellFACHUEs.PTT"",""VS.CellPCHUEs.PTT"",""VS.EcNo.Mean.TP.More55"",""VS.EcNo.Mean.TP0"",""VS.EcNo.Mean.TP1"",""VS.EcNo.Mean.TP10.15"",""VS.EcNo.Mean.TP16.25"",""VS.EcNo.Mean.TP2"",""VS.EcNo.Mean.TP26.35"",""VS.EcNo.Mean.TP3"",""VS.EcNo.Mean.TP36.55"",""VS.EcNo.Mean.TP4"",""VS.EcNo.Mean.TP5"",""VS.EcNo.Mean.TP6.9"",""VS.RRC.AttConnEstab.CSDomain"",""VS.RRC.AttConnEstab.CSFB"",""VS.RRC.AttConnEstab.CellDCH"",""VS.RRC.AttConnEstab.CellFACH"",""VS.RRC.AttConnEstab.CellUpd.DSCR.CS"",""VS.RRC.AttConnEstab.CellUpd.DSCR.Other"",""VS.RRC.AttConnEstab.CellUpd.DSCR.PS"",""VS.RRC.AttConnEstab.CellUpd.DSCR.Service"",""VS.RRC.AttConnEstab.EDCH"",""VS.RRC.AttConnEstab.HSDSCH"",""VS.RRC.AttConnEstab.Msg"",""VS.RRC.AttConnEstab.Msg.Conv"",""VS.RRC.AttConnEstab.PSDomain"",""VS.RRC.AttConnEstab.Sum"",""VS.RRC.AttConnEstab.WithSI.CsDomain"",""VS.RRC.AttConnEstab.WithSI.PsDomain"",""VS.RRC.AutoDsac.Num"",""VS.RRC.CONV.FC.Num.CAPS"",""VS.RRC.CONV.FC.Num.CPU.OverLoad"",""VS.RRC.CONV.FC.Num.CallShock"",""VS.RRC.CONV.FC.Num.INT.OverLoad"",""VS.RRC.CONV.FC.Num.MPU.OverLoad"",""VS.RRC.CONV.FC.Num.RRCQueue"",""VS.RRC.CONV.FC.Num.RanFC.Ph1"",""VS.RRC.CONV.FC.Num.RanFC.Ph2"",""VS.RRC.ConnEstabTimeMax.CellDCH"",""VS.RRC.ConnEstabTimeMax.CellFACH"",""VS.RRC.ConnEstabTimeMean.CellDCH"",""VS.RRC.ConnEstabTimeMean.CellFACH"",""VS.RRC.Estab.DRDIn"",""VS.RRC.Estab.DRDOut.Att"",""VS.RRC.Estab.DRDOut.Succ"",""VS.RRC.FC.Num.CAPS"",""VS.RRC.FC.Num.CPU.OverLoad"",""VS.RRC.FC.Num.CallShock"",""VS.RRC.FC.Num.FACH.Cong"",""VS.RRC.FC.Num.INT.OverLoad"",""VS.RRC.FC.Num.MPU.OverLoad"",""VS.RRC.FC.Num.RRCQueue"",""VS.RRC.FC.Num.RanFC.Ph1"",""VS.RRC.FC.Num.RanFC.Ph2"",""VS.RRC.SetupConnEstab"",""VS.RRC.SuccConnEstab.CSFB"",""VS.RRC.SuccConnEstab.CellDCH"",""VS.RRC.SuccConnEstab.CellFACH"",""VS.RRC.SuccConnEstab.EDCH"",""VS.RRC.SuccConnEstab.First"",""VS.RRC.SuccConnEstab.HSDSCH"",""VS.RRC.SuccConnEstab.Second"",""VS.RRC.SuccConnEstab.Third"",""VS.RRC.SuccConnEstab.WithSI.CsDomain"",""VS.RRC.SuccConnEstab.WithSI.PsDomain"",""VS.TP.UE.0"",""VS.TP.UE.1"",""VS.TP.UE.10.15"",""VS.TP.UE.16.25"",""VS.TP.UE.2"",""VS.TP.UE.26.35"",""VS.TP.UE.3"",""VS.TP.UE.36.55"",""VS.TP.UE.4"",""VS.TP.UE.5"",""VS.TP.UE.6.9"",""VS.TP.UE.More55"""
1,BSC6900UMTS,Cell,67109366,60,{'D:\\Hourly_PM_Files\\3G_hourly_PM_Files\\pmexport_20190505\\pmresult_67109366_60_201905051400_201905051500.csv'},RRC_Connection_Release,YES,1,"""RRC.AttConnRelCCCH.Cong"",""RRC.AttConnRelCCCH.DSCR"",""RRC.AttConnRelCCCH.Norm"",""RRC.AttConnRelCCCH.Preempt"",""RRC.AttConnRelCCCH.ReEstRej"",""RRC.AttConnRelCCCH.Unspec"",""RRC.AttConnRelCCCH.UsrInact"",""RRC.AttConnRelDCCH.Cong"",""RRC.AttConnRelDCCH.DSCR"",""RRC.AttConnRelDCCH.Norm"",""RRC.AttConnRelDCCH.Preempt"",""RRC.AttConnRelDCCH.ReEstRej"",""RRC.AttConnRelDCCH.Unspec"",""RRC.AttConnRelDCCH.UsrInact"",""VS.RRC.ConnRel.CellUpd"",""VS.RRC.ConnRel.DistLimit"",""VS.RRC.SigConnRelInd.UEPSDataEnd"",""VS.RRCSig.AbnormRel.Preempted"""
2,BSC6900UMTS,Cell,67109367,60,{'D:\\Hourly_PM_Files\\3G_hourly_PM_Files\\pmexport_20190505\\pmresult_67109367_60_201905051400_201905051500.csv'},RRC_Connection_Reject,YES,1,"""VS.HighPriRRC.RanFC.Disc.Num"",""VS.LowPriRRC.RanFC.Disc.Num"",""VS.NormPriRRC.RanFC.Disc.Num"",""VS.RRC.FC.Disc.Num"",""VS.RRC.FailConnEstab.Cong"",""VS.RRC.FailConnEstab.NoReply"",""VS.RRC.FailConnEstab.NoReply.CSFB"",""VS.RRC.Rej.Code.Cong"",""VS.RRC.Rej.DLCE.Cong"",""VS.RRC.Rej.DLIUBBand.Cong"",""VS.RRC.Rej.DLPower.Cong"",""VS.RRC.Rej.DistLimit"",""VS.RRC.Rej.NodeBDLCE.Cong"",""VS.RRC.Rej.NodeBResUnavail"",""VS.RRC.Rej.NodeBULCE.Cong"",""VS.RRC.Rej.RL.Fail"",""VS.RRC.Rej.Redir.CoMacroMicro"",""VS.RRC.Rej.Redir.Dist"",""VS.RRC.Rej.Redir.Dist.IntraRat"",""VS.RRC.Rej.Redir.InterRat"",""VS.RRC.Rej.Redir.InterRat.CSService"",""VS.RRC.Rej.Redir.InterRat.PSService"",""VS.RRC.Rej.Redir.IntraRat"",""VS.RRC.Rej.Redir.IntraRat.CSService"",""VS.RRC.Rej.Redir.IntraRat.PSService"",""VS.RRC.Rej.Redir.PingPongNum"",""VS.RRC.Rej.Redir.Service"",""VS.RRC.Rej.Redir.UECapab.IntraRat"",""VS.RRC.Rej.Redir.WeakCoverage"",""VS.RRC.Rej.Sum"",""VS.RRC.Rej.TNL.Fail"",""VS.RRC.Rej.ULCE.Cong"",""VS.RRC.Rej.ULIUBBand.Cong"",""VS.RRC.Rej.ULPower.Cong"""
3,BSC6900UMTS,Cell,67109368,60,{'D:\\Hourly_PM_Files\\3G_hourly_PM_Files\\pmexport_20190505\\pmresult_67109368_60_201905051400_201905051500.csv'},CS_RAB_Setup,YES,1,"""VS.AttEstabCS.AfterP2D"",""VS.AttEstabCS.AfterP2F"",""VS.HSPA.RAB.AttEstab.CS.Conv"",""VS.HSPA.RAB.SuccEstab.CS.Conv"",""VS.HSPA.UE.Mean.CS.Conv.Cell"",""VS.RAB.AttEstCS.AMR.4.75"",""VS.RAB.AttEstCS.AMR.7.95"",""VS.RAB.AttEstCS.Conv.64"",""VS.RAB.AttEstab.AMR"",""VS.RAB.AttEstabCS.AMR.12.2"",""VS.RAB.AttEstabCS.AMRWB"",""VS.RAB.AttEstabCS.AMRWB12.65"",""VS.RAB.AttEstabCS.AMRWB14.25"",""VS.RAB.AttEstabCS.AMRWB15.85"",""VS.RAB.AttEstabCS.AMRWB18.25"",""VS.RAB.AttEstabCS.AMRWB19.85"",""VS.RAB.AttEstabCS.AMRWB23.05"",""VS.RAB.AttEstabCS.AMRWB23.85"",""VS.RAB.AttEstabCS.AMRWB6.60"",""VS.RAB.AttEstabCS.AMRWB8.85"",""VS.RAB.AttEstabCS.CSFB.PSHO"",""VS.RAB.AttEstabCS.CSFB.Redir"",""VS.RAB.AttEstabCS.Conv"",""VS.RAB.AttEstabCS.Conv.Platinum"",""VS.RAB.AttEstabCS.FastSetup"",""VS.RAB.AttEstabCS.Platinum"",""VS.RAB.AttEstabCS.Queue"",""VS.RAB.AttEstabCS.Str"",""VS.RAB.AttEstabCS.VPLimit"",""VS.RAB.Estab.QueueTime.CS"",""VS.RAB.SuccEstCS.AMR.4.75"",""VS.RAB.SuccEstCS.AMR.7.95"",""VS.RAB.SuccEstCS.Conv.64"",""VS.RAB.SuccEstabCS.AMR"",""VS.RAB.SuccEstabCS.AMR.12.2"",""VS.RAB.SuccEstabCS.AMRWB"",""VS.RAB.SuccEstabCS.AMRWB12.65"",""VS.RAB.SuccEstabCS.AMRWB14.25"",""VS.RAB.SuccEstabCS.AMRWB15.85"",""VS.RAB.SuccEstabCS.AMRWB18.25"",""VS.RAB.SuccEstabCS.AMRWB19.85"",""VS.RAB.SuccEstabCS.AMRWB23.05"",""VS.RAB.SuccEstabCS.AMRWB23.85"",""VS.RAB.SuccEstabCS.AMRWB6.60"",""VS.RAB.SuccEstabCS.AMRWB8.85"",""VS.RAB.SuccEstabCS.CSFB.PSHO"",""VS.RAB.SuccEstabCS.CSFB.Redir"",""VS.RAB.SuccEstabCS.Conv"",""VS.RAB.SuccEstabCS.Conv.Platinum"",""VS.RAB.SuccEstabCS.FastSetup"",""VS.RAB.SuccEstabCS.Platinum"",""VS.RAB.SuccEstabCS.Queue"",""VS.RAB.SuccEstabCS.Str"",""VS.SuccEstabCS.AfterP2D"",""VS.SuccEstabCS.AfterP2F"""
4,BSC6900UMTS,Cell,67109369,60,{'D:\\Hourly_PM_Files\\3G_hourly_PM_Files\\pmexport_20190505\\pmresult_67109369_60_201905051400_201905051500.csv'},CS_RAB_Setup_Failure,YES,1,"""VS.RAB.FailEstabCS.CellUpd"",""VS.RAB.FailEstabCS.CellUpd.CSFB"",""VS.RAB.FailEstabCS.Code.Cong"",""VS.RAB.FailEstabCS.Cong"",""VS.RAB.FailEstabCS.DLCE.Cong"",""VS.RAB.FailEstabCS.DLIUBBand.Cong"",""VS.RAB.FailEstabCS.DLIUCSBand.Cong"",""VS.RAB.FailEstabCS.DLPower.Cong"",""VS.RAB.FailEstabCS.IubAAL2Fail"",""VS.RAB.FailEstabCS.IubFail"",""VS.RAB.FailEstabCS.NodeBDLCE.Cong"",""VS.RAB.FailEstabCS.NodeBULCE.Cong"",""VS.RAB.FailEstabCS.PhyChFail"",""VS.RAB.FailEstabCS.RBCfgUnsup"",""VS.RAB.FailEstabCS.RBIncCfg"",""VS.RAB.FailEstabCS.RNL"",""VS.RAB.FailEstabCS.SRBReset"",""VS.RAB.FailEstabCS.SRBReset.CSFB"",""VS.RAB.FailEstabCS.TNL"",""VS.RAB.FailEstabCS.ULCE.Cong"",""VS.RAB.FailEstabCS.ULIUBBand.Cong"",""VS.RAB.FailEstabCS.ULIUCSBand.Cong"",""VS.RAB.FailEstabCS.ULPower.Cong"",""VS.RAB.FailEstabCS.Unsp"",""VS.RAB.FailEstabCS.UuFail"",""VS.RAB.FailEstabCS.UuFail.CSFB"",""VS.RAB.FailEstabCS.UuNoReply"""
5,BSC6900UMTS,Cell,67109370,60,{'D:\\Hourly_PM_Files\\3G_hourly_PM_Files\\pmexport_20190505\\pmresult_67109370_60_201905051400_201905051500.csv'},CS_RAB_Modification,YES,1,"""VS.RAB.AttEstModCS.Conv"",""VS.RAB.AttEstModCS.Str"",""VS.RAB.FailModCS.RNL"",""VS.RAB.FailModCS.TNL"",""VS.RAB.SuccModCS.Conv"",""VS.RAB.SuccModCS.Str"""
6,BSC6900UMTS,Cell,67109372,60,{'D:\\Hourly_PM_Files\\3G_hourly_PM_Files\\pmexport_20190505\\pmresult_67109372_60_201905051400_201905051500.csv'},PS_RAB_Setup,YES,1,"""VS.AttEstabPS.AfterP2D"",""VS.AttEstabPS.AfterP2F"",""VS.RAB.AttEstab.PSR99"",""VS.RAB.AttEstabPS.Bkg"",""VS.RAB.AttEstabPS.Conv"",""VS.RAB.AttEstabPS.Conv.Platinum"",""VS.RAB.AttEstabPS.FastSetup"",""VS.RAB.AttEstabPS.Free"",""VS.RAB.AttEstabPS.Int"",""VS.RAB.AttEstabPS.PSLimit"",""VS.RAB.AttEstabPS.PTT"",""VS.RAB.AttEstabPS.Platinum"",""VS.RAB.AttEstabPS.Queue"",""VS.RAB.AttEstabPS.Str"",""VS.RAB.Estab.QueueTime.PS"",""VS.RAB.SuccEstab.PSR99"",""VS.RAB.SuccEstabPS.0kbps"",""VS.RAB.SuccEstabPS.Bkg"",""VS.RAB.SuccEstabPS.Conv"",""VS.RAB.SuccEstabPS.Conv.Platinum"",""VS.RAB.SuccEstabPS.FastSetup"",""VS.RAB.SuccEstabPS.Free"",""VS.RAB.SuccEstabPS.Int"",""VS.RAB.SuccEstabPS.PTT"",""VS.RAB.SuccEstabPS.Platinum"",""VS.RAB.SuccEstabPS.Queue"",""VS.RAB.SuccEstabPS.Str"",""VS.SuccEstabPS.AfterP2D"",""VS.SuccEstabPS.AfterP2F"""
7,BSC6900UMTS,Cell,67109373,60,{'D:\\Hourly_PM_Files\\3G_hourly_PM_Files\\pmexport_20190505\\pmresult_67109373_60_201905051400_201905051500.csv'},PS_RAB_Setup_Failure,YES,1,"""VS.RAB.FailEstabPS.CellUpd"",""VS.RAB.FailEstabPS.Code.Cong"",""VS.RAB.FailEstabPS.Cong"",""VS.RAB.FailEstabPS.DLCE.Cong"",""VS.RAB.FailEstabPS.DLIUBBand.Cong"",""VS.RAB.FailEstabPS.DLIUPSBand.Cong"",""VS.RAB.FailEstabPS.DLPower.Cong"",""VS.RAB.FailEstabPS.DLPower.Cong.Free"",""VS.RAB.FailEstabPS.HSDPAUser.Cong"",""VS.RAB.FailEstabPS.HSUPAUser.Cong"",""VS.RAB.FailEstabPS.IUIntBrd.Overload"",""VS.RAB.FailEstabPS.IubAAL2Fail"",""VS.RAB.FailEstabPS.IubFail"",""VS.RAB.FailEstabPS.NodeBDLCE.Cong"",""VS.RAB.FailEstabPS.NodeBULCE.Cong"",""VS.RAB.FailEstabPS.PhyChFail"",""VS.RAB.FailEstabPS.RBCfgUnsupp"",""VS.RAB.FailEstabPS.RBIncCfg"",""VS.RAB.FailEstabPS.RNL"",""VS.RAB.FailEstabPS.SRBReset"",""VS.RAB.FailEstabPS.SerExp.Cong"",""VS.RAB.FailEstabPS.TNL"",""VS.RAB.FailEstabPS.ULCE.Cong"",""VS.RAB.FailEstabPS.ULCE.FinalCong"",""VS.RAB.FailEstabPS.ULIUBBand.Cong"",""VS.RAB.FailEstabPS.ULIUPSBand.Cong"",""VS.RAB.FailEstabPS.ULPower.Cong"",""VS.RAB.FailEstabPS.Unsp"",""VS.RAB.FailEstabPS.UuFail"",""VS.RAB.FailEstabPS.UuNoReply"""
8,BSC6900UMTS,Cell,67109374,60,{'D:\\Hourly_PM_Files\\3G_hourly_PM_Files\\pmexport_20190505\\pmresult_67109374_60_201905051400_201905051500.csv'},PS_RAB_Modification,YES,1,"""VS.RAB.AttEstModPS.Bkg"",""VS.RAB.AttEstModPS.Conv"",""VS.RAB.AttEstModPS.Inter"",""VS.RAB.AttEstModPS.Str"",""VS.RAB.FailModPS.RNL"",""VS.RAB.FailModPS.TNL"",""VS.RAB.SuccModPS.Bkg"",""VS.RAB.SuccModPS.Conv"",""VS.RAB.SuccModPS.Inter"",""VS.RAB.SuccModPS.Str"""
9,BSC6900UMTS,Cell,67109376,60,{'D:\\Hourly_PM_Files\\3G_hourly_PM_Files\\pmexport_20190505\\pmresult_67109376_60_201905051400_201905051500.csv'},RAB_Release,YES,1,"""VS.RAB.AbnormRel.AMR"",""VS.RAB.AbnormRel.AMR.12.2"",""VS.RAB.AbnormRel.AMR.4.75"",""VS.RAB.AbnormRel.AMR.5.9"",""VS.RAB.AbnormRel.AMR.7.95"",""VS.RAB.AbnormRel.AMR.RF"",""VS.RAB.AbnormRel.AMRWB"",""VS.RAB.AbnormRel.AMRWB.12.65"",""VS.RAB.AbnormRel.AMRWB.14.25"",""VS.RAB.AbnormRel.AMRWB.15.85"",""VS.RAB.AbnormRel.AMRWB.18.25"",""VS.RAB.AbnormRel.AMRWB.19.85"",""VS.RAB.AbnormRel.AMRWB.23.05"",""VS.RAB.AbnormRel.AMRWB.23.85"",""VS.RAB.AbnormRel.AMRWB.6.6"",""VS.RAB.AbnormRel.AMRWB.8.85"",""VS.RAB.AbnormRel.CS"",""VS.RAB.AbnormRel.CS.CN"",""VS.RAB.AbnormRel.CS.CSFB"",""VS.RAB.AbnormRel.CS.CSFB.RF"",""VS.RAB.AbnormRel.CS.Conv.PTPreempt"",""VS.RAB.AbnormRel.CS.Disconnect"",""VS.RAB.AbnormRel.CS.HSPA.Conv"",""VS.RAB.AbnormRel.CS.IuAAL2"",""VS.RAB.AbnormRel.CS.IuTNL"",""VS.RAB.AbnormRel.CS.IuupFail"",""VS.RAB.AbnormRel.CS.OLC"",""VS.RAB.AbnormRel.CS.OM"",""VS.RAB.AbnormRel.CS.Platinum"",""VS.RAB.AbnormRel.CS.Preempt"",""VS.RAB.AbnormRel.CS.RF"",""VS.RAB.AbnormRel.CS.RF.SRBReset"",""VS.RAB.AbnormRel.CS.RF.ULSync"",""VS.RAB.AbnormRel.CS.RF.UuNoReply"",""VS.RAB.AbnormRel.CS.Security"",""VS.RAB.AbnormRel.CS.Str"",""VS.RAB.AbnormRel.CS.Str.PTPreempt"",""VS.RAB.AbnormRel.CS.UTRANgen"",""VS.RAB.AbnormRel.CS64"",""VS.RAB.AbnormRel.CS64.RF"",""VS.RAB.AbnormRel.PS"",""VS.RAB.AbnormRel.PS.BE"",""VS.RAB.AbnormRel.PS.Bkg.PTPreempt"",""VS.RAB.AbnormRel.PS.CCH"",""VS.RAB.AbnormRel.PS.CN"",""VS.RAB.AbnormRel.PS.Conv"",""VS.RAB.AbnormRel.PS.Conv.PTPreempt"",""VS.RAB.AbnormRel.PS.D2P"",""VS.RAB.AbnormRel.PS.F2P"",""VS.RAB.AbnormRel.PS.GTPULoss"",""VS.RAB.AbnormRel.PS.IRATResel.DCHFACH"",""VS.RAB.AbnormRel.PS.IRATResel.PCH"",""VS.RAB.AbnormRel.PS.Int.PTPreempt"",""VS.RAB.AbnormRel.PS.IuTNL"",""VS.RAB.AbnormRel.PS.OLC"",""VS.RAB.AbnormRel.PS.OM"",""VS.RAB.AbnormRel.PS.PCH"",""VS.RAB.AbnormRel.PS.Preempt"",""VS.RAB.AbnormRel.PS.R99D2F"",""VS.RAB.AbnormRel.PS.R99D2P"",""VS.RAB.AbnormRel.PS.RF"",""VS.RAB.AbnormRel.PS.RF.SRBReset"",""VS.RAB.AbnormRel.PS.RF.TRBReset"",""VS.RAB.AbnormRel.PS.RF.ULSync"",""VS.RAB.AbnormRel.PS.RF.UuNoReply"",""VS.RAB.AbnormRel.PS.Security"",""VS.RAB.AbnormRel.PS.Str"",""VS.RAB.AbnormRel.PS.Str.PTPreempt"",""VS.RAB.AbnormRel.PS.UTRANgen"",""VS.RAB.AbnormRel.PSR99"",""VS.RAB.AbnormRel.PSR99.CellDCH.CellUpdt"",""VS.RAB.AbnormRel.PSR99.RF"",""VS.RAB.AbnormRelPS.PTT"",""VS.RAB.NormRel.AMR"",""VS.RAB.NormRel.AMRWB"",""VS.RAB.NormRel.AMRWB.12.65"",""VS.RAB.NormRel.AMRWB.14.25"",""VS.RAB.NormRel.AMRWB.15.85"",""VS.RAB.NormRel.AMRWB.18.25"",""VS.RAB.NormRel.AMRWB.19.85"",""VS.RAB.NormRel.AMRWB.23.05"",""VS.RAB.NormRel.AMRWB.23.85"",""VS.RAB.NormRel.AMRWB.6.60"",""VS.RAB.NormRel.AMRWB.8.85"",""VS.RAB.NormRel.CS"",""VS.RAB.NormRel.CS.CSFB"",""VS.RAB.NormRel.CS.HSPA.Conv"",""VS.RAB.NormRel.CS.NetOpt"",""VS.RAB.NormRel.CS.Platinum"",""VS.RAB.NormRel.CS.Str"",""VS.RAB.NormRel.CS.UEGen"",""VS.RAB.NormRel.CS.UEReEst"",""VS.RAB.NormRel.CS64"",""VS.RAB.NormRel.PS"",""VS.RAB.NormRel.PS.0kbps.Timeout"",""VS.RAB.NormRel.PS.BE"",""VS.RAB.NormRel.PS.CCH"",""VS.RAB.NormRel.PS.Conv"",""VS.RAB.NormRel.PS.NetOpt"",""VS.RAB.NormRel.PS.PCH"",""VS.RAB.NormRel.PS.Str"",""VS.RAB.NormRel.PS.UEGen"",""VS.RAB.NormRel.PS.UEReEst"",""VS.RAB.NormRel.PS.UEReEst.CCHRelated"",""VS.RAB.NormRel.PS.UEReEst.PCHRelated"",""VS.RAB.NormRel.PSR99"",""VS.RAB.NormRel.VPLimit"",""VS.RAB.NormRelPS.PTT"",""VS.RAB.Rel.CS.CNInit.AfterReEst"",""VS.RAB.Rel.CS.CNInit.DuringReEst"",""VS.RAB.Rel.PS.F2DNoRsp"",""VS.RAB.RelReqPS.BE.HSDPA.Cong.Copper"",""VS.RAB.RelReqPS.BE.HSDPA.Cong.Golden"",""VS.RAB.RelReqPS.BE.HSDPA.Cong.Silver"",""VS.RAB.RelReqPS.BE.HSUPA.Cong.Copper"",""VS.RAB.RelReqPS.BE.HSUPA.Cong.Golden"",""VS.RAB.RelReqPS.BE.HSUPA.Cong.Silver"""
10,BSC6900UMTS,Cell,67109377,60,{'D:\\Hourly_PM_Files\\3G_hourly_PM_Files\\pmexport_20190505\\pmresult_67109377_60_201905051400_201905051500.csv'},Multi-RAB_Service,YES,1,"""VS.AttEstabCS.PSinDCH"",""VS.AttEstabCS.PSinFACH"",""VS.AttPSP2D.CSConv"",""VS.MultRAB.SF128"",""VS.MultRAB.SF16"",""VS.MultRAB.SF256"",""VS.MultRAB.SF32"",""VS.MultRAB.SF4"",""VS.MultRAB.SF64"",""VS.MultRAB.SF8"",""VS.MultiRAB.AttEstab.CSPS"",""VS.MultiRAB.AttEstab.PSPS"",""VS.MultiRAB.AttEstabCS.FastSetup"",""VS.MultiRAB.CSAbnormRel.CSPS"",""VS.MultiRAB.CSAbnormRel.PSAtt"",""VS.MultiRAB.CSAbnormRel.PSPhyRecfg.CellUpd"",""VS.MultiRAB.CSAbnormRel.PSRBconfig.CellUpd"",""VS.MultiRAB.CSAbnormRel.PSRel"",""VS.MultiRAB.CSNormRel.CSPS"",""VS.MultiRAB.CSPSAbnormRel.CSPS"",""VS.MultiRAB.CSPSNormRel.CSPS"",""VS.MultiRAB.MeanThroughput.HSDPA"",""VS.MultiRAB.MeanThroughput.HSUPA"",""VS.MultiRAB.MeanThroughput.PSR99DL"",""VS.MultiRAB.MeanThroughput.PSR99UL"",""VS.MultiRAB.PSAbnormRel.CSPS"",""VS.MultiRAB.PSAbnormRel.PSPS"",""VS.MultiRAB.PSAbnormRel.ResumeExp"",""VS.MultiRAB.PSNormRel.CSPS"",""VS.MultiRAB.PSNormRel.PSPS"",""VS.MultiRAB.SuccEstab.CSPS"",""VS.MultiRAB.SuccEstab.PSPS"",""VS.MultiRAB.SuccEstabCS.FastSetup"",""VS.RAB.SFOccupy"",""VS.RAB.SFOccupy.MAX"",""VS.SingleRAB.SF128"",""VS.SingleRAB.SF16"",""VS.SingleRAB.SF256"",""VS.SingleRAB.SF32"",""VS.SingleRAB.SF4"",""VS.SingleRAB.SF64"",""VS.SingleRAB.SF8"",""VS.SuccEstabCS.PSinDCH"",""VS.SuccEstabCS.PSinFACH"",""VS.SuccPSP2D.CSConv"""
11,BSC6900UMTS,Cell,67109378,60,{'D:\\Hourly_PM_Files\\3G_hourly_PM_Files\\pmexport_20190505\\pmresult_67109378_60_201905051400_201905051500.csv'},RB_Procedure,YES,1,"""VS.AMR.AsynRBRecfg.Att"",""VS.AMR.AsynRBRecfg.Succ"",""VS.AMR.RBRecfg.Att"",""VS.AMR.RBRecfg.Succ"",""VS.AttPhyRecfg.F2P"",""VS.AttRBRecfg"",""VS.AttRBRecfg.AsynCfg"",""VS.AttRBSetup"",""VS.DRD.FailPhyRecfg.RollBack"",""VS.DRD.FailRBRecfg.RollBack"",""VS.DRD.FailRBSetup.RollBack"",""VS.DRD.IFREQ.CS.MBDR.RBSetup.AttOut"",""VS.DRD.IFREQ.CS.MBDR.RBSetup.SuccOut"",""VS.DRD.IFREQ.PS.MBDR.HResCong.RBSetup.AttOut"",""VS.DRD.IFREQ.PS.MBDR.HResCong.RBSetup.SuccOut"",""VS.DRD.IFREQ.PS.MBDR.R99.RBSetup.AttOut"",""VS.DRD.IFREQ.PS.MBDR.R99.RBSetup.SuccOut"",""VS.DRD.PhyRecfg.AttEstab.RollBack"",""VS.DRD.PhyRecfg.AttIn"",""VS.DRD.PhyRecfg.AttOut"",""VS.DRD.PhyRecfg.SuccEstab.RollBack"",""VS.DRD.PhyRecfg.SuccIn"",""VS.DRD.PhyRecfg.SuccOut"",""VS.DRD.RB.D2E.AttIn"",""VS.DRD.RB.D2E.AttOut"",""VS.DRD.RB.D2E.SuccIn"",""VS.DRD.RB.D2E.SuccOut"",""VS.DRD.RB.D2H.AttIn"",""VS.DRD.RB.D2H.AttOut"",""VS.DRD.RB.D2H.SuccIn"",""VS.DRD.RB.D2H.SuccOut"",""VS.DRD.RB.F2E.AttIn"",""VS.DRD.RB.F2E.AttOut"",""VS.DRD.RB.F2E.SuccIn"",""VS.DRD.RB.F2E.SuccOut"",""VS.DRD.RB.F2H.AttIn"",""VS.DRD.RB.F2H.AttOut"",""VS.DRD.RB.F2H.SuccIn"",""VS.DRD.RB.F2H.SuccOut"",""VS.DRD.RBRecfg.AttEstab.RollBack"",""VS.DRD.RBRecfg.AttIn"",""VS.DRD.RBRecfg.AttOut"",""VS.DRD.RBRecfg.SuccEstab.RollBack"",""VS.DRD.RBRecfg.SuccIn"",""VS.DRD.RBRecfg.SuccOut"",""VS.DRD.RBSetup.AttEstab.RollBack"",""VS.DRD.RBSetup.AttIn"",""VS.DRD.RBSetup.AttOut"",""VS.DRD.RBSetup.SuccEstab.RollBack"",""VS.DRD.RBSetup.SuccIn"",""VS.DRD.RBSetup.SuccOut"",""VS.FailRBRecfg.CellUpd"",""VS.FailRBRecfg.CfgUnsup"",""VS.FailRBRecfg.IncCfg"",""VS.FailRBRecfg.NoReply"",""VS.FailRBRecfg.PhyChFail"",""VS.FailRBSetup.CellUpd"",""VS.FailRBSetup.CfgUnsup"",""VS.FailRBSetup.IncCfg"",""VS.FailRBSetup.NoReply"",""VS.FailRBSetup.PhyChFail"",""VS.Grid.MultiBand.DRD.AttOut"",""VS.Grid.MultiBand.DRD.SuccOut"",""VS.ICR.DRD.RBRecfg.AttOut"",""VS.ICR.DRD.RBRecfg.SuccOut"",""VS.ICR.DRD.RBSetup.AttOut"",""VS.ICR.DRD.RBSetup.SuccOut"",""VS.MCDRD.Periodic.AttIn"",""VS.MCDRD.Periodic.AttOut"",""VS.MCDRD.Periodic.SuccIn"",""VS.MCDRD.Periodic.SuccOut"",""VS.RB.AMR.DL.10.2"",""VS.RB.AMR.DL.12.2"",""VS.RB.AMR.DL.4.75"",""VS.RB.AMR.DL.5.15"",""VS.RB.AMR.DL.5.9"",""VS.RB.AMR.DL.6.7"",""VS.RB.AMR.DL.7.4"",""VS.RB.AMR.DL.7.95"",""VS.RB.AMR.UL.10.2"",""VS.RB.AMR.UL.12.2"",""VS.RB.AMR.UL.4.75"",""VS.RB.AMR.UL.5.15"",""VS.RB.AMR.UL.5.9"",""VS.RB.AMR.UL.6.7"",""VS.RB.AMR.UL.7.4"",""VS.RB.AMR.UL.7.95"",""VS.RB.AMRWB.DL.12.65"",""VS.RB.AMRWB.DL.14.25"",""VS.RB.AMRWB.DL.15.85"",""VS.RB.AMRWB.DL.18.25"",""VS.RB.AMRWB.DL.19.85"",""VS.RB.AMRWB.DL.23.05"",""VS.RB.AMRWB.DL.23.85"",""VS.RB.AMRWB.DL.6.60"",""VS.RB.AMRWB.DL.8.85"",""VS.RB.AMRWB.UL.12.65"",""VS.RB.AMRWB.UL.14.25"",""VS.RB.AMRWB.UL.15.85"",""VS.RB.AMRWB.UL.18.25"",""VS.RB.AMRWB.UL.19.85"",""VS.RB.AMRWB.UL.23.05"",""VS.RB.AMRWB.UL.23.85"",""VS.RB.AMRWB.UL.6.60"",""VS.RB.AMRWB.UL.8.85"",""VS.RB.CS.Conv.DL.64"",""VS.RB.CS.Conv.UL.64"",""VS.RB.CS.Str.DL.57.6"",""VS.RB.CS.Str.UL.57.6"",""VS.RB.PS.Bkg.DL.128"",""VS.RB.PS.Bkg.DL.144"",""VS.RB.PS.Bkg.DL.16"",""VS.RB.PS.Bkg.DL.256"",""VS.RB.PS.Bkg.DL.32"",""VS.RB.PS.Bkg.DL.384"",""VS.RB.PS.Bkg.DL.64"",""VS.RB.PS.Bkg.DL.8"",""VS.RB.PS.Bkg.UL.128"",""VS.RB.PS.Bkg.UL.144"",""VS.RB.PS.Bkg.UL.16"",""VS.RB.PS.Bkg.UL.256"",""VS.RB.PS.Bkg.UL.32"",""VS.RB.PS.Bkg.UL.384"",""VS.RB.PS.Bkg.UL.64"",""VS.RB.PS.Bkg.UL.8"",""VS.RB.PS.Conv.DL.38.8"",""VS.RB.PS.Conv.DL.39.2"",""VS.RB.PS.Conv.DL.40"",""VS.RB.PS.Conv.DL.42.8"",""VS.RB.PS.Conv.DL.64"",""VS.RB.PS.Conv.EDCH"",""VS.RB.PS.Conv.HSDSCH"",""VS.RB.PS.Conv.UL.38.8"",""VS.RB.PS.Conv.UL.39.2"",""VS.RB.PS.Conv.UL.40"",""VS.RB.PS.Conv.UL.42.8"",""VS.RB.PS.Conv.UL.64"",""VS.RB.PS.DLDCH.BestCell"",""VS.RB.PS.Int.DL.128"",""VS.RB.PS.Int.DL.144"",""VS.RB.PS.Int.DL.16"",""VS.RB.PS.Int.DL.256"",""VS.RB.PS.Int.DL.32"",""VS.RB.PS.Int.DL.384"",""VS.RB.PS.Int.DL.64"",""VS.RB.PS.Int.DL.8"",""VS.RB.PS.Int.UL.128"",""VS.RB.PS.Int.UL.144"",""VS.RB.PS.Int.UL.16"",""VS.RB.PS.Int.UL.256"",""VS.RB.PS.Int.UL.32"",""VS.RB.PS.Int.UL.384"",""VS.RB.PS.Int.UL.64"",""VS.RB.PS.Int.UL.8"",""VS.RB.PS.Str.DL.128"",""VS.RB.PS.Str.DL.144"",""VS.RB.PS.Str.DL.16"",""VS.RB.PS.Str.DL.256.384"",""VS.RB.PS.Str.DL.32"",""VS.RB.PS.Str.DL.64"",""VS.RB.PS.Str.DL.8"",""VS.RB.PS.Str.UL.128"",""VS.RB.PS.Str.UL.144"",""VS.RB.PS.Str.UL.16"",""VS.RB.PS.Str.UL.256.384"",""VS.RB.PS.Str.UL.32"",""VS.RB.PS.Str.UL.64"",""VS.RB.PS.Str.UL.8"",""VS.RB.RateDown.To.0kbps"",""VS.SuccPhyRecfg.F2P"",""VS.SuccRBRecfg"",""VS.SuccRBRecfg.AsynCfg"",""VS.SuccRBSetup"",""VS.UELocation.MultiBand.DRD.AttIn"",""VS.UELocation.MultiBand.DRD.AttOut"",""VS.UELocation.MultiBand.DRD.SuccIn"",""VS.UELocation.MultiBand.DRD.SuccOut"""
12,BSC6900UMTS,Cell,67109379,60,{'D:\\Hourly_PM_Files\\3G_hourly_PM_Files\\pmexport_20190505\\pmresult_67109379_60_201905051400_201905051500.csv'},Soft_Handover,YES,1,"""VS.SHO.AMR.Att"",""VS.SHO.AMR.Succ"",""VS.SHO.AS.1RL"",""VS.SHO.AS.2RL"",""VS.SHO.AS.3RL"",""VS.SHO.AS.4RL"",""VS.SHO.AS.5RL"",""VS.SHO.AS.6RL"",""VS.SHO.AttRLAdd"",""VS.SHO.AttRLAdd.Prep"",""VS.SHO.AttRLDel"",""VS.SHO.AttRLReplace"",""VS.SHO.CS64.Att"",""VS.SHO.CS64.Succ"",""VS.SHO.FailRLAdd.CfgUnsupp"",""VS.SHO.FailRLAdd.ISR"",""VS.SHO.FailRLAdd.InvCfg"",""VS.SHO.FailRLAdd.NoReply"",""VS.SHO.PS.Att"",""VS.SHO.PS.Succ"",""VS.SHO.SigOnly.Att"",""VS.SHO.SigOnly.Succ"",""VS.SHO.SuccRLAdd"",""VS.SHO.SuccRLDel"",""VS.SHO.SuccRLReplace"",""VS.SoHO.AttRLAdd"",""VS.SoHO.AttRLDel"",""VS.SoHO.FailRLAdd.CfgUnsupp"",""VS.SoHO.FailRLAdd.ISR"",""VS.SoHO.FailRLAdd.InvCfg"",""VS.SoHO.FailRLAdd.NoReply"",""VS.SoHO.SuccRLAdd"",""VS.SoHO.SuccRLDel"""
13,BSC6900UMTS,Cell,67109380,60,{'D:\\Hourly_PM_Files\\3G_hourly_PM_Files\\pmexport_20190505\\pmresult_67109380_60_201905051400_201905051500.csv'},Hard_Handover,YES,1,"""HHO.FailRelocPrepOut.NoResAvail"",""HHO.FailRelocPrepOut.OM"",""HHO.FailRelocPrepOut.RelocUnsupp"",""HHO.FailRelocPrepOut.ResUnavail"",""HHO.FailRelocPrepOut.Texp"",""HHO.FailRelocPrepOut.TgtFail"",""HHO.FailRelocPrepOut.TgtNotAllow"",""HHO.FailRelocPrepOut.Unspec"",""VS.HHO.AttBlindHO"",""VS.HHO.AttIn"",""VS.HHO.AttInterCellLB.MultiRL"",""VS.HHO.AttInterCellLB.SingleRL"",""VS.HHO.AttInterFreqIn"",""VS.HHO.AttInterFreqIn.CS"",""VS.HHO.AttInterFreqIn.PS"",""VS.HHO.AttInterFreqOut"",""VS.HHO.AttInterFreqOut.CS"",""VS.HHO.AttInterFreqOut.CS.CLB"",""VS.HHO.AttInterFreqOut.CS.Code"",""VS.HHO.AttInterFreqOut.CS.DlCE"",""VS.HHO.AttInterFreqOut.CS.Tcp"",""VS.HHO.AttInterFreqOut.CS.TotalRxPwr"",""VS.HHO.AttInterFreqOut.CS.TotalTxPwr"",""VS.HHO.AttInterFreqOut.CS.TrigEcNo"",""VS.HHO.AttInterFreqOut.CS.TrigRscp"",""VS.HHO.AttInterFreqOut.CS.UeTxPwr"",""VS.HHO.AttInterFreqOut.CS.UlCE"",""VS.HHO.AttInterFreqOut.CSPS"",""VS.HHO.AttInterFreqOut.FastMultRLSetup.CS"",""VS.HHO.AttInterFreqOut.FastMultRLSetup.PS"",""VS.HHO.AttInterFreqOut.InterNodeBIntraRNC"",""VS.HHO.AttInterFreqOut.InterRNC"",""VS.HHO.AttInterFreqOut.IntraNodeB"",""VS.HHO.AttInterFreqOut.PS"",""VS.HHO.AttInterFreqOut.PS.CLB"",""VS.HHO.AttInterFreqOut.PS.CoMacroMicro"",""VS.HHO.AttInterFreqOut.PS.Code"",""VS.HHO.AttInterFreqOut.PS.DlCE"",""VS.HHO.AttInterFreqOut.PS.Tcp"",""VS.HHO.AttInterFreqOut.PS.TotalRxPwr"",""VS.HHO.AttInterFreqOut.PS.TotalTxPwr"",""VS.HHO.AttInterFreqOut.PS.TrigEcNo"",""VS.HHO.AttInterFreqOut.PS.TrigRscp"",""VS.HHO.AttInterFreqOut.PS.UeTxPwr"",""VS.HHO.AttInterFreqOut.PS.UlBler"",""VS.HHO.AttInterFreqOut.PS.UlCE"",""VS.HHO.AttInterFreqOut.Sig"",""VS.HHO.AttInterFreqRelocExec"",""VS.HHO.AttInterFreqRelocPrep"",""VS.HHO.AttIntraFreqOut.InterNodeBIntraRNC"",""VS.HHO.AttIntraFreqOut.InterRNC"",""VS.HHO.AttIntraFreqOut.IntraNodeB"",""VS.HHO.AttIntraFreqRelocExec"",""VS.HHO.AttIntraFreqRelocPrep"",""VS.HHO.AttMultiBandOut.CS"",""VS.HHO.AttMultiBandOut.PS"",""VS.HHO.EvalIn"",""VS.HHO.EvalOut"",""VS.HHO.FailInterFreqOut.CellUpdt"",""VS.HHO.FailInterFreqOut.CfgUnsupp"",""VS.HHO.FailInterFreqOut.ISR"",""VS.HHO.FailInterFreqOut.InterRNC.CellUpdt"",""VS.HHO.FailInterFreqOut.InterRNC.CfgUnsupp"",""VS.HHO.FailInterFreqOut.InterRNC.ISR"",""VS.HHO.FailInterFreqOut.InterRNC.InvCfg"",""VS.HHO.FailInterFreqOut.InterRNC.NoReply"",""VS.HHO.FailInterFreqOut.InterRNC.PhyChFail"",""VS.HHO.FailInterFreqOut.InvCfg"",""VS.HHO.FailInterFreqOut.NoReply"",""VS.HHO.FailInterFreqOut.PrepFail"",""VS.HHO.FailInterFreqOut.PyhChFail"",""VS.HHO.FailInterFreqOut.RLSetupFail"",""VS.HHO.FailIntraFreqOut.CellUpdt"",""VS.HHO.FailIntraFreqOut.CfgUnsupp"",""VS.HHO.FailIntraFreqOut.ISR"",""VS.HHO.FailIntraFreqOut.InterRNC.CellUpdt"",""VS.HHO.FailIntraFreqOut.InterRNC.CfgUnsupp"",""VS.HHO.FailIntraFreqOut.InterRNC.ISR"",""VS.HHO.FailIntraFreqOut.InterRNC.InvCfg"",""VS.HHO.FailIntraFreqOut.InterRNC.NoReply"",""VS.HHO.FailIntraFreqOut.InterRNC.PhyChFail"",""VS.HHO.FailIntraFreqOut.InvCfg"",""VS.HHO.FailIntraFreqOut.NoReply"",""VS.HHO.FailIntraFreqOut.PrepFail"",""VS.HHO.FailIntraFreqOut.PyhChFail"",""VS.HHO.FailIntraFreqOut.RLSetupFail"",""VS.HHO.InterFreqIn.Eval.CM"",""VS.HHO.InterFreqOut.CS.Drop"",""VS.HHO.InterFreqOut.CS.MeasTimeOut"",""VS.HHO.InterFreqOut.Eval.CM"",""VS.HHO.InterFreqOut.FastMultRLSetup.Prep.CS"",""VS.HHO.InterFreqOut.FastMultRLSetup.Prep.PS"",""VS.HHO.InterFreqOut.PS.Drop"",""VS.HHO.InterFreqOut.PS.MeasTimeOut"",""VS.HHO.IntraFreqOut.Drop"",""VS.HHO.SuccBlindHO"",""VS.HHO.SuccIn"",""VS.HHO.SuccInterCellLB.MultiRL"",""VS.HHO.SuccInterCellLB.SingleRL"",""VS.HHO.SuccInterFreqIn"",""VS.HHO.SuccInterFreqIn.CS"",""VS.HHO.SuccInterFreqIn.PS"",""VS.HHO.SuccInterFreqOut"",""VS.HHO.SuccInterFreqOut.CS"",""VS.HHO.SuccInterFreqOut.CS.CLB"",""VS.HHO.SuccInterFreqOut.CS.Code"",""VS.HHO.SuccInterFreqOut.CS.DlCE"",""VS.HHO.SuccInterFreqOut.CS.EcNo"",""VS.HHO.SuccInterFreqOut.CS.Rscp"",""VS.HHO.SuccInterFreqOut.CS.Tcp"",""VS.HHO.SuccInterFreqOut.CS.TotalRxPwr"",""VS.HHO.SuccInterFreqOut.CS.TotalTxPwr"",""VS.HHO.SuccInterFreqOut.CS.UeTxPwr"",""VS.HHO.SuccInterFreqOut.CS.UlCE"",""VS.HHO.SuccInterFreqOut.CSPS"",""VS.HHO.SuccInterFreqOut.FastMultRLSetup.CS"",""VS.HHO.SuccInterFreqOut.FastMultRLSetup.PS"",""VS.HHO.SuccInterFreqOut.InterNodeBIntraRNC"",""VS.HHO.SuccInterFreqOut.InterRNC"",""VS.HHO.SuccInterFreqOut.IntraNodeB"",""VS.HHO.SuccInterFreqOut.PS"",""VS.HHO.SuccInterFreqOut.PS.CLB"",""VS.HHO.SuccInterFreqOut.PS.CoMacroMicro"",""VS.HHO.SuccInterFreqOut.PS.Code"",""VS.HHO.SuccInterFreqOut.PS.DlCE"",""VS.HHO.SuccInterFreqOut.PS.EcNo"",""VS.HHO.SuccInterFreqOut.PS.Rscp"",""VS.HHO.SuccInterFreqOut.PS.Tcp"",""VS.HHO.SuccInterFreqOut.PS.TotalRxPwr"",""VS.HHO.SuccInterFreqOut.PS.TotalTxPwr"",""VS.HHO.SuccInterFreqOut.PS.UeTxPwr"",""VS.HHO.SuccInterFreqOut.PS.UlBler"",""VS.HHO.SuccInterFreqOut.PS.UlCE"",""VS.HHO.SuccInterFreqOut.Sig"",""VS.HHO.SuccInterFreqRelocExec"",""VS.HHO.SuccInterFreqRelocPrep"",""VS.HHO.SuccIntraFreqOut.InterNodeBIntraRNC"",""VS.HHO.SuccIntraFreqOut.InterRNC"",""VS.HHO.SuccIntraFreqOut.IntraNodeB"",""VS.HHO.SuccIntraFreqRelocExec"",""VS.HHO.SuccIntraFreqRelocPrep"",""VS.HHO.SuccMultiBandOut.CS"",""VS.HHO.SuccMultiBandOut.PS"""
14,BSC6900UMTS,Cell,67109381,60,{'D:\\Hourly_PM_Files\\3G_hourly_PM_Files\\pmexport_20190505\\pmresult_67109381_60_201905051400_201905051500.csv'},Inter-RAT_Handover,YES,1,"""IRATHO.AttOutCS"",""IRATHO.AttOutCS.Retry"",""IRATHO.AttOutPSUTRAN"",""IRATHO.AttOutPSUTRAN.Retry"",""IRATHO.AttRelocPrepOutCS"",""IRATHO.FailOutCS.CfgUnsupp"",""IRATHO.FailOutCS.PhyChFail"",""IRATHO.FailOutPSUTRAN.CfgUnsupp"",""IRATHO.FailOutPSUTRAN.PhyChFail"",""IRATHO.FailRelocPrepOutCS.HigherTrafficLod"",""IRATHO.FailRelocPrepOutCS.NoResAvail"",""IRATHO.FailRelocPrepOutCS.ReloNoSup"",""IRATHO.FailRelocPrepOutCS.TAlExp"",""IRATHO.FailRelocPrepOutCS.TgtFail"",""IRATHO.FailRelocPrepOutCS.UKnowRNC"",""IRATHO.SuccOutCS"",""IRATHO.SuccOutPSUE"",""IRATHO.SuccOutPSUTRAN"",""IRATHO.SuccRelocPrepOutCS"",""VS.IRATHO.AttENACC"",""VS.IRATHO.AttInCS"",""VS.IRATHO.AttNACC"",""VS.IRATHO.AttOutCS.MBDR"",""VS.IRATHO.AttOutCS.Sig"",""VS.IRATHO.AttOutCS.TrigDLTxp"",""VS.IRATHO.AttOutCS.TrigEcNo"",""VS.IRATHO.AttOutCS.TrigRscp"",""VS.IRATHO.AttOutCS.TrigULTxp"",""VS.IRATHO.AttOutMultiRABCSPS"",""VS.IRATHO.AttOutPS.TrigDLTxp"",""VS.IRATHO.AttOutPS.TrigEcNo"",""VS.IRATHO.AttOutPS.TrigRscp"",""VS.IRATHO.AttOutPS.TrigULTxp"",""VS.IRATHO.AttOutPSUE"",""VS.IRATHO.AttOutPSUTRAN.Load"",""VS.IRATHO.AttOutPSUTRAN.RF"",""VS.IRATHO.AttOutPSUTRAN.Service"",""VS.IRATHO.AttOutPSUTRAN.Sig"",""VS.IRATHO.AttRelocOutPS"",""VS.IRATHO.AttRelocPrepInCS"",""VS.IRATHO.AttRelocPrepInPS"",""VS.IRATHO.AttRelocPrepOutCS.DR"",""VS.IRATHO.AttRelocPrepOutCS.Load"",""VS.IRATHO.AttRelocPrepOutCS.RF"",""VS.IRATHO.AttRelocPrepOutCS.Service"",""VS.IRATHO.AttRelocPrepOutCS.Sig"",""VS.IRATHO.AttRelocPrepOutPS"",""VS.IRATHO.FailInCS.NoReply"",""VS.IRATHO.FailOutCS.Abort"",""VS.IRATHO.FailOutCS.CNUnspecFail"",""VS.IRATHO.FailOutCS.InterRatRF"",""VS.IRATHO.FailOutCS.NoReply"",""VS.IRATHO.FailOutCS.SCRI"",""VS.IRATHO.FailOutPS"",""VS.IRATHO.FailOutPS.Abort"",""VS.IRATHO.FailOutPS.UEGen"",""VS.IRATHO.FailOutPSUTRAN.CNUnspecFail"",""VS.IRATHO.FailOutPSUTRAN.InterRatRF"",""VS.IRATHO.FailOutPSUTRAN.NoReply"",""VS.IRATHO.FailOutPSUTRAN.NoSRNSDataForwardCmd"",""VS.IRATHO.FailOutPSUTRAN.SCRI"",""VS.IRATHO.FailRelocInPS.NoReply"",""VS.IRATHO.FailRelocOutPS.CfgUnSupp"",""VS.IRATHO.FailRelocOutPS.NoReply"",""VS.IRATHO.FailRelocOutPS.PhyChFail"",""VS.IRATHO.FailRelocPrepInCS.Abort"",""VS.IRATHO.FailRelocPrepInCS.ResUnavail"",""VS.IRATHO.FailRelocPrepInCS.TRNCSysFailReloc"",""VS.IRATHO.FailRelocPrepInCS.TRNCSysRelocUnsupp"",""VS.IRATHO.FailRelocPrepInCS.TgtHighLoad"",""VS.IRATHO.FailRelocPrepInPS.ReloUnSupp"",""VS.IRATHO.FailRelocPrepInPS.ResUnavail"",""VS.IRATHO.FailRelocPrepInPS.TgtFail"",""VS.IRATHO.FailRelocPrepInPS.TgtHighLoad"",""VS.IRATHO.FailRelocPrepOutCS.Abort"",""VS.IRATHO.FailRelocPrepOutCS.CNNoReply"",""VS.IRATHO.FailRelocPrepOutCS.Cancel"",""VS.IRATHO.FailRelocPrepOutCS.OM"",""VS.IRATHO.FailRelocPrepOutCS.ReqInfoNotAvail"",""VS.IRATHO.FailRelocPrepOutPS.NoResAvail"",""VS.IRATHO.FailRelocPrepOutPS.ReloUnSupp"",""VS.IRATHO.FailRelocPrepOutPS.TAlExp"",""VS.IRATHO.FailRelocPrepOutPS.TgtFail"",""VS.IRATHO.FailRelocPrepOutPS.TgtHighLoad"",""VS.IRATHO.FailRelocPrepOutPS.UnKnowRNC"",""VS.IRATHO.HSDPA.AttOutPSUTRAN"",""VS.IRATHO.HSDPA.SuccOutPSUTRAN"",""VS.IRATHO.HSUPA.AttOutPSUTRAN"",""VS.IRATHO.HSUPA.SuccOutPSUTRAN"",""VS.IRATHO.OutCS.MeasTimeOut"",""VS.IRATHO.OutPS.MeasTimeOut"",""VS.IRATHO.SuccENACC"",""VS.IRATHO.SuccInCS"",""VS.IRATHO.SuccNACC"",""VS.IRATHO.SuccOutCS.DR"",""VS.IRATHO.SuccOutCS.Load"",""VS.IRATHO.SuccOutCS.MBDR"",""VS.IRATHO.SuccOutCS.RF"",""VS.IRATHO.SuccOutCS.Service"",""VS.IRATHO.SuccOutCS.Sig"",""VS.IRATHO.SuccOutCS.TrigDLTxp"",""VS.IRATHO.SuccOutCS.TrigEcNo"",""VS.IRATHO.SuccOutCS.TrigRscp"",""VS.IRATHO.SuccOutCS.TrigULTxp"",""VS.IRATHO.SuccOutMultiRABCSPS"",""VS.IRATHO.SuccOutPS.TrigDLTxp"",""VS.IRATHO.SuccOutPS.TrigEcNo"",""VS.IRATHO.SuccOutPS.TrigRscp"",""VS.IRATHO.SuccOutPS.TrigULTxp"",""VS.IRATHO.SuccOutPSUTRAN.Load"",""VS.IRATHO.SuccOutPSUTRAN.RF"",""VS.IRATHO.SuccOutPSUTRAN.Service"",""VS.IRATHO.SuccOutPSUTRAN.Sig"",""VS.IRATHO.SuccRelocInPS"",""VS.IRATHO.SuccRelocOutPS"",""VS.IRATHO.SuccRelocPrepInCS"",""VS.IRATHO.SuccRelocPrepInPS"",""VS.IRATHO.SuccRelocPrepOutCS.DR"",""VS.IRATHO.SuccRelocPrepOutCS.Load"",""VS.IRATHO.SuccRelocPrepOutCS.RF"",""VS.IRATHO.SuccRelocPrepOutCS.Service"",""VS.IRATHO.SuccRelocPrepOutCS.Sig"",""VS.IRATHO.SuccRelocPrepOutPS"",""VS.IRATHOCS.Cancel.ReEstab"",""VS.IRATHOPS.Cancel.ReEstab"",""VS.L2U.AttRelocPrepIn.UltraFlashCSFB"",""VS.L2U.AttRelocPrepInPS"",""VS.L2U.AttRelocPrepInPS.CS.CELL"",""VS.L2U.IRATHO.FailRelocInCS.NoReply"",""VS.L2U.IRATHO.FailRelocInCSPS.NoReply"",""VS.L2U.IRATHO.FailRelocInPS.NoReply"",""VS.L2U.IRATHO.FailRelocPrepInCS.Abort"",""VS.L2U.IRATHO.FailRelocPrepInCS.RelocUnSupp"",""VS.L2U.IRATHO.FailRelocPrepInCS.ResUnavail"",""VS.L2U.IRATHO.FailRelocPrepInCS.TgtFail"",""VS.L2U.IRATHO.FailRelocPrepInCS.TgtHighLoad"",""VS.L2U.IRATHO.FailRelocPrepInCS.TgtResUnavail"",""VS.L2U.IRATHO.FailRelocPrepInCSPS.ResUnavail"",""VS.L2U.IRATHO.FailRelocPrepInCSPS.TgtResUnavail"",""VS.L2U.IRATHO.FailRelocPrepInPS.Abort"",""VS.L2U.IRATHO.FailRelocPrepInPS.ReloUnSupp"",""VS.L2U.IRATHO.FailRelocPrepInPS.ResUnavail"",""VS.L2U.IRATHO.FailRelocPrepInPS.TgtFail"",""VS.L2U.IRATHO.FailRelocPrepInPS.TgtHighLoad"",""VS.L2U.IRATHO.FailRelocPrepInPS.TgtResUnavail"",""VS.L2U.SuccRelocIn.UltraFlashCSFB"",""VS.L2U.SuccRelocInPS"",""VS.L2U.SuccRelocInPS.CS.CELL"",""VS.L2U.SuccRelocPrepIn.UltraFlashCSFB"",""VS.L2U.SuccRelocPrepInPS"",""VS.L2U.SuccRelocPrepInPS.CS.CELL"",""VS.SRVCC.FailRelocPrepInCSPS.CSTimeOut"",""VS.SRVCC.FailRelocPrepInCSPS.PSTimeOut"",""VS.SRVCC.L2U.AttInCSPS"",""VS.SRVCC.L2U.AttRelocPrepInCS"",""VS.SRVCC.L2U.AttRelocPrepInCS.Emerg"",""VS.SRVCC.L2U.AttRelocPrepInCSPS"",""VS.SRVCC.L2U.AttRelocPrepInCSPS.Emerg"",""VS.SRVCC.L2U.SuccInCSPS"",""VS.SRVCC.L2U.SuccRelocInCS"",""VS.SRVCC.L2U.SuccRelocInCS.Emerg"",""VS.SRVCC.L2U.SuccRelocInCS.PSTimeOut"",""VS.SRVCC.L2U.SuccRelocInCSPS.Emerg"",""VS.SRVCC.L2U.SuccRelocPrepInCS"",""VS.SRVCC.L2U.SuccRelocPrepInCS.Emerg"",""VS.SRVCC.L2U.SuccRelocPrepInCS.PSTimeOut"",""VS.SRVCC.L2U.SuccRelocPrepInCSPS"",""VS.SRVCC.L2U.SuccRelocPrepInCSPS.Emerg"",""VS.SRVCC.U2GERAN.AttRelocPrepOutPS"",""VS.SRVCC.U2GERAN.SuccRelocOutPS"",""VS.SRVCC.U2GERAN.SuccRelocPrepOutPS"""
15,BSC6900UMTS,Cell,67109382,60,{'D:\\Hourly_PM_Files\\3G_hourly_PM_Files\\pmexport_20190505\\pmresult_67109382_60_201905051400_201905051500.csv'},Cell_Update,YES,1,"""VS.AttCellUpdt"",""VS.AttCellUpdt.Detach.PCH"",""VS.AttCellUpdt.EmgCall.PCH"",""VS.AttCellUpdt.ErrSRB"",""VS.AttCellUpdt.ErrTRB"",""VS.AttCellUpdt.MbmsPtpRbReq"",""VS.AttCellUpdt.MbmsRecv"",""VS.AttCellUpdt.Msg"",""VS.AttCellUpdt.Msg.Conv"",""VS.AttCellUpdt.OrgBkgCall.PCH"",""VS.AttCellUpdt.OrgConvCall.PCH"",""VS.AttCellUpdt.OrgHhPrSig.PCH"",""VS.AttCellUpdt.OrgInterCall.PCH"",""VS.AttCellUpdt.OrgLwPrSig.PCH"",""VS.AttCellUpdt.OrgStrCall.PCH"",""VS.AttCellUpdt.OrgSubCall.PCH"",""VS.AttCellUpdt.Other.PCH"",""VS.AttCellUpdt.P2D"",""VS.AttCellUpdt.P2D.OldRAB"",""VS.AttCellUpdt.PageRsp"",""VS.AttCellUpdt.Prd"",""VS.AttCellUpdt.RLFail"",""VS.AttCellUpdt.RSA"",""VS.AttCellUpdt.Reg.PCH"",""VS.AttCellUpdt.Resel"",""VS.AttCellUpdt.TmBkgCall.PCH"",""VS.AttCellUpdt.TmConvCall.PCH"",""VS.AttCellUpdt.TmHhPrSig.PCH"",""VS.AttCellUpdt.TmInterCall.PCH"",""VS.AttCellUpdt.TmLwPrSig.PCH"",""VS.AttCellUpdt.TmStrCall.PCH"",""VS.AttCellUpdt.ULDataTrans"",""VS.AttCellUpdt.Unknown.PCH"",""VS.CU.CONV.FC.Num.CPU.OverLoad"",""VS.CU.CONV.FC.Num.RRCQueue"",""VS.CU.FC.Num.RRCQueue"",""VS.CellUpdt.Confirm"",""VS.CellUpdt.Confirm.PageAndUlData.PCH"",""VS.CellUpdt.RRCRel"",""VS.FailCellUpdt.ErrSRB.NoReply.FACH"",""VS.FailCellUpdt.ErrTRB.NoReply.FACH"",""VS.FailCellUpdt.P2D.CSConv.Cong"",""VS.FailCellUpdt.P2D.Cong"",""VS.FailCellUpdt.P2D.OldRAB.Cong"",""VS.FailCellUpdt.RLFail.NoReply"",""VS.P2F.Redir.FailOut.NoReply"",""VS.P2F.Redir.FailOut.NonTargetFCN"",""VS.P2F.Redir.In.DirectCmp"",""VS.P2F.Redir.In.UseNewCU"",""VS.P2F.Redir.Out"",""VS.P2F.Redir.Out.RT"",""VS.P2F.Redir.Out.RT.P2DFail"",""VS.SuccCellUpdt"",""VS.SuccCellUpdt.Detach.PCH"",""VS.SuccCellUpdt.EmgCall.PCH"",""VS.SuccCellUpdt.ErrSRB"",""VS.SuccCellUpdt.ErrTRB"",""VS.SuccCellUpdt.MbmsPtpRbReq"",""VS.SuccCellUpdt.MbmsRecv"",""VS.SuccCellUpdt.OrgBkgCall.PCH"",""VS.SuccCellUpdt.OrgConvCall.PCH"",""VS.SuccCellUpdt.OrgHhPrSig.PCH"",""VS.SuccCellUpdt.OrgInterCall.PCH"",""VS.SuccCellUpdt.OrgLwPrSig.PCH"",""VS.SuccCellUpdt.OrgStrCall.PCH"",""VS.SuccCellUpdt.OrgSubCall.PCH"",""VS.SuccCellUpdt.Other.PCH"",""VS.SuccCellUpdt.P2D.OldRAB"",""VS.SuccCellUpdt.PageRsp"",""VS.SuccCellUpdt.Prd"",""VS.SuccCellUpdt.RLFail"",""VS.SuccCellUpdt.Reg.PCH"",""VS.SuccCellUpdt.Resel"",""VS.SuccCellUpdt.Rsa"",""VS.SuccCellUpdt.TmBkgCall.PCH"",""VS.SuccCellUpdt.TmConvCall.PCH"",""VS.SuccCellUpdt.TmHhPrSig.PCH"",""VS.SuccCellUpdt.TmInterCall.PCH"",""VS.SuccCellUpdt.TmLwPrSig.PCH"",""VS.SuccCellUpdt.TmStrCall.PCH"",""VS.SuccCellUpdt.ULDataTrans"",""VS.SuccCellUpdt.Unknown.PCH"""
16,BSC6900UMTS,Cell,67109383,60,{'D:\\Hourly_PM_Files\\3G_hourly_PM_Files\\pmexport_20190505\\pmresult_67109383_60_201905051400_201905051500.csv'},URA_Update,YES,1,"""VS.AttURAUpd.Chg"",""VS.AttURAUpd.Prd"",""VS.SuccURAUpd.Chg"",""VS.SuccURAUpd.Prd"""
17,BSC6900UMTS,Cell,67109384,60,{'D:\\Hourly_PM_Files\\3G_hourly_PM_Files\\pmexport_20190505\\pmresult_67109384_60_201905051400_201905051500.csv'},RRC_MR,YES,1,"""VS.Cell.Updt.EcNo.0"",""VS.Cell.Updt.EcNo.1"",""VS.Cell.Updt.EcNo.2"",""VS.Cell.Updt.EcNo.3"",""VS.Cell.Updt.EcNo.4"",""VS.Cell.Updt.EcNo.5"",""VS.Cell.Updt.EcNo.6"",""VS.Cell.Updt.EcNo.7"",""VS.Cell.Updt.EcNo.8"",""VS.Periodic.MrRpt.EcNo.0"",""VS.Periodic.MrRpt.EcNo.1"",""VS.Periodic.MrRpt.EcNo.2"",""VS.Periodic.MrRpt.EcNo.3"",""VS.Periodic.MrRpt.EcNo.4"",""VS.Periodic.MrRpt.EcNo.5"",""VS.Periodic.MrRpt.EcNo.6"",""VS.Periodic.MrRpt.EcNo.7"",""VS.Periodic.MrRpt.EcNo.8"",""VS.Periodic.MrRpt.RSCP.0"",""VS.Periodic.MrRpt.RSCP.1"",""VS.Periodic.MrRpt.RSCP.2"",""VS.Periodic.MrRpt.RSCP.3"",""VS.Periodic.MrRpt.RSCP.4"",""VS.Periodic.MrRpt.RSCP.5"",""VS.Periodic.MrRpt.RSCP.6"",""VS.Periodic.MrRpt.RSCP.7"",""VS.Periodic.MrRpt.RSCP.8"",""VS.Periodic.MrRpt.RSCP.9"",""VS.Periodic.MrRpt.UETxPower.0"",""VS.Periodic.MrRpt.UETxPower.1"",""VS.Periodic.MrRpt.UETxPower.10"",""VS.Periodic.MrRpt.UETxPower.11"",""VS.Periodic.MrRpt.UETxPower.12"",""VS.Periodic.MrRpt.UETxPower.13"",""VS.Periodic.MrRpt.UETxPower.2"",""VS.Periodic.MrRpt.UETxPower.3"",""VS.Periodic.MrRpt.UETxPower.4"",""VS.Periodic.MrRpt.UETxPower.5"",""VS.Periodic.MrRpt.UETxPower.6"",""VS.Periodic.MrRpt.UETxPower.7"",""VS.Periodic.MrRpt.UETxPower.8"",""VS.Periodic.MrRpt.UETxPower.9"",""VS.RRC.Access.EcNo.0"",""VS.RRC.Access.EcNo.1"",""VS.RRC.Access.EcNo.2"",""VS.RRC.Access.EcNo.3"",""VS.RRC.Access.EcNo.4"",""VS.RRC.Access.EcNo.5"",""VS.RRC.Access.EcNo.6"",""VS.RRC.Access.EcNo.7"",""VS.RRC.Access.EcNo.8"",""VS.RRC.Access.RSCP.0"",""VS.RRC.Access.RSCP.1"",""VS.RRC.Access.RSCP.2"",""VS.RRC.Access.RSCP.3"",""VS.RRC.Access.RSCP.4"",""VS.RRC.Access.RSCP.5"",""VS.RRC.Access.RSCP.6"",""VS.RRC.Access.RSCP.7"",""VS.RRC.Access.RSCP.8"",""VS.RRC.Access.RSCP.9"",""VS.RRC.MrRpt.1A"",""VS.RRC.MrRpt.1A.InterNodeB.All"",""VS.RRC.MrRpt.1A.InterNodeB.RSCP.0"",""VS.RRC.MrRpt.1A.InterNodeB.RSCP.1"",""VS.RRC.MrRpt.1A.InterNodeB.RSCP.2"",""VS.RRC.MrRpt.1A.InterNodeB.RSCP.3"",""VS.RRC.MrRpt.1A.InterNodeB.RSCP.4"",""VS.RRC.MrRpt.1B"",""VS.RRC.MrRpt.1C"",""VS.RRC.MrRpt.1D"",""VS.RRC.MrRpt.2D"",""VS.RRC.MrRpt.2F"",""VS.RRC.MrRpt.4A"",""VS.RRC.MrRpt.4B"",""VS.RRC.MrRpt.SHO.EcNo"",""VS.RRC.MrRpt.SHO.RSCP"",""VS.RRC.MrRpt.UplinkActiveSetEXP.1A"",""VS.RSCP.Mean.TP.More55"",""VS.RSCP.Mean.TP0"",""VS.RSCP.Mean.TP1"",""VS.RSCP.Mean.TP10.15"",""VS.RSCP.Mean.TP16.25"",""VS.RSCP.Mean.TP2"",""VS.RSCP.Mean.TP26.35"",""VS.RSCP.Mean.TP3"",""VS.RSCP.Mean.TP36.55"",""VS.RSCP.Mean.TP4"",""VS.RSCP.Mean.TP5"",""VS.RSCP.Mean.TP6.9"",""VS.SHO.EcNo.0"",""VS.SHO.EcNo.1"",""VS.SHO.EcNo.2"",""VS.SHO.EcNo.3"",""VS.SHO.EcNo.4"",""VS.SHO.EcNo.5"",""VS.SHO.EcNo.6"",""VS.SHO.EcNo.7"",""VS.SHO.EcNo.8"",""VS.SHO.RSCP.0"",""VS.SHO.RSCP.1"",""VS.SHO.RSCP.2"",""VS.SHO.RSCP.3"",""VS.SHO.RSCP.4"",""VS.SHO.RSCP.5"",""VS.SHO.RSCP.6"",""VS.SHO.RSCP.7"",""VS.SHO.RSCP.8"",""VS.SHO.RSCP.9"",""VS.UL.SRB.ErrTb.MeanRSCP"",""VS.UL.SRB.ErrTb.MinRSCP"",""VS.UL.SRB.ErrTbNum.RSCP.0"",""VS.UL.SRB.ErrTbNum.RSCP.1"",""VS.UL.SRB.ErrTbNum.RSCP.2"",""VS.UL.SRB.ErrTbNum.RSCP.3"",""VS.UL.SRB.ErrTbNum.RSCP.4"",""VS.UL.SRB.ErrTbNum.RSCP.5"",""VS.UL.SRB.ErrTbNum.RSCP.6"",""VS.Utran.MrRpt.4A"",""VS.Utran.MrRpt.4B"""
18,BSC6900UMTS,Cell,67109385,60,{'D:\\Hourly_PM_Files\\3G_hourly_PM_Files\\pmexport_20190505\\pmresult_67109385_60_201905051400_201905051500.csv'},TX_and_RX_Power,YES,1,"""VS.HSDPA.MC.MaxRequiredPwr"",""VS.HSDPA.MC.MeanRequiredPwr"",""VS.HSDPA.MC.MinRequiredPwr"",""VS.HSDPA.MaxRequiredPwr"",""VS.HSDPA.MaxRequiredPwr.Free"",""VS.HSDPA.MeanRequiredPwr"",""VS.HSDPA.MeanRequiredPwr.Free"",""VS.HSDPA.MinRequiredPwr"",""VS.HSUPA.MaxRSEPS"",""VS.HSUPA.MeanRSEPS"",""VS.HSUPA.MinRSEPS"",""VS.MaxRTWP"",""VS.MaxTCP"",""VS.MaxTCP.HSDPA.MC"",""VS.MaxTCP.NonHS"",""VS.MeanRTWP"",""VS.MeanTCP"",""VS.MeanTCP.HSDPA.MC"",""VS.MeanTCP.NonHS"",""VS.MinRTWP"",""VS.MinTCP"",""VS.MinTCP.HSDPA.MC"",""VS.MinTCP.NonHS"",""VS.RTWP.0"",""VS.RTWP.1"",""VS.RTWP.10"",""VS.RTWP.11"",""VS.RTWP.12"",""VS.RTWP.13"",""VS.RTWP.14"",""VS.RTWP.15"",""VS.RTWP.16"",""VS.RTWP.17"",""VS.RTWP.18"",""VS.RTWP.19"",""VS.RTWP.2"",""VS.RTWP.20"",""VS.RTWP.21"",""VS.RTWP.3"",""VS.RTWP.4"",""VS.RTWP.5"",""VS.RTWP.6"",""VS.RTWP.7"",""VS.RTWP.8"",""VS.RTWP.9"",""VS.TCP.0"",""VS.TCP.1"",""VS.TCP.10"",""VS.TCP.11"",""VS.TCP.12"",""VS.TCP.13"",""VS.TCP.14"",""VS.TCP.15"",""VS.TCP.16"",""VS.TCP.17"",""VS.TCP.18"",""VS.TCP.19"",""VS.TCP.2"",""VS.TCP.3"",""VS.TCP.4"",""VS.TCP.5"",""VS.TCP.6"",""VS.TCP.7"",""VS.TCP.8"",""VS.TCP.9"",""VS.TCP.NonHS.0"",""VS.TCP.NonHS.1"",""VS.TCP.NonHS.10"",""VS.TCP.NonHS.11"",""VS.TCP.NonHS.12"",""VS.TCP.NonHS.13"",""VS.TCP.NonHS.14"",""VS.TCP.NonHS.15"",""VS.TCP.NonHS.16"",""VS.TCP.NonHS.17"",""VS.TCP.NonHS.18"",""VS.TCP.NonHS.19"",""VS.TCP.NonHS.2"",""VS.TCP.NonHS.3"",""VS.TCP.NonHS.4"",""VS.TCP.NonHS.5"",""VS.TCP.NonHS.6"",""VS.TCP.NonHS.7"",""VS.TCP.NonHS.8"",""VS.TCP.NonHS.9"""
19,BSC6900UMTS,Cell,67109387,60,{'D:\\Hourly_PM_Files\\3G_hourly_PM_Files\\pmexport_20190505\\pmresult_67109387_60_201905051400_201905051500.csv'},Traffic,YES,1,"""VS.BcchSrbKbps.Dl"",""VS.CRNC.IUB.FACH.Bandwidth"",""VS.CRNC.IUB.PCH.Bandwidth"",""VS.CRNC.IUB.RACH.Bandwidth"",""VS.CRNCIubBytesFACH.Tx"",""VS.CRNCIubBytesPCH.Tx"",""VS.CRNCIubBytesPSR99.CCH.Rx"",""VS.CRNCIubBytesPSR99.CCH.Tx"",""VS.CRNCIubBytesRACH.Rx"",""VS.CcchSrbKbps.Dl"",""VS.CcchSrbKbps.Ul"",""VS.DRNCIubBytesDCH.Rx"",""VS.DRNCIubBytesDCH.Tx"",""VS.MBMS.IUB.BANDWIDTH"",""VS.SRNCIubBytesCSConv.Rx"",""VS.SRNCIubBytesCSConv.Tx"",""VS.SRNCIubBytesCSStr.Rx"",""VS.SRNCIubBytesCSStr.Tx"",""VS.SRNCIubBytesDCHSig.Rx"",""VS.SRNCIubBytesDCHSig.Tx"",""VS.SRNCIubBytesEDCHSig.Rx"",""VS.SRNCIubBytesHSDPA.Tx"",""VS.SRNCIubBytesHSDSCHSig.Tx"",""VS.SRNCIubBytesHSUPA.Rx"",""VS.SRNCIubBytesPSEFACH.Tx"",""VS.SRNCIubBytesPSERACH.Rx"",""VS.SRNCIubBytesPSFACH.Tx"",""VS.SRNCIubBytesPSR99Bkg.Rx"",""VS.SRNCIubBytesPSR99Bkg.Tx"",""VS.SRNCIubBytesPSR99Conv.Rx"",""VS.SRNCIubBytesPSR99Conv.Tx"",""VS.SRNCIubBytesPSR99Int.Rx"",""VS.SRNCIubBytesPSR99Int.Tx"",""VS.SRNCIubBytesPSR99Str.Rx"",""VS.SRNCIubBytesPSR99Str.Tx"",""VS.SRNCIubBytesPSRACH.Rx"""
20,BSC6900UMTS,Cell,67109390,60,{'D:\\Hourly_PM_Files\\3G_hourly_PM_Files\\pmexport_20190505\\pmresult_67109390_60_201905051400_201905051500.csv'},HSDPA,YES,1,"""VS.HSDPA.3C.PRIM.UE.Mean.Cell"",""VS.HSDPA.4C.PRIM.UE.Mean.Cell"",""VS.HSDPA.64QAM.UE.Mean.Cell"",""VS.HSDPA.CQIEnhState.Time"",""VS.HSDPA.CopperUE.Mean.Cell"",""VS.HSDPA.D2H.Att"",""VS.HSDPA.D2H.Succ"",""VS.HSDPA.DB.PRIM.UE.Mean.Cell"",""VS.HSDPA.DC.PRIM.UE.Mean.Cell"",""VS.HSDPA.DC.SEC.UE.Mean.Cell"",""VS.HSDPA.DRD.AttIn.Intelligence"",""VS.HSDPA.DRD.AttOut.Intelligence"",""VS.HSDPA.DRD.SuccIn.Intelligence"",""VS.HSDPA.DRD.SuccOut.Intelligence"",""VS.HSDPA.F2H.Att"",""VS.HSDPA.F2H.Succ"",""VS.HSDPA.GoldenUE.Mean.Cell"",""VS.HSDPA.H2D.Att"",""VS.HSDPA.H2D.Succ"",""VS.HSDPA.H2F.Att"",""VS.HSDPA.H2F.Succ"",""VS.HSDPA.HHO.H2D.AttOutInterFreq"",""VS.HSDPA.HHO.H2D.AttOutIntraFreq"",""VS.HSDPA.HHO.H2D.AttOutIur"",""VS.HSDPA.HHO.H2D.SuccOutInterFreq"",""VS.HSDPA.HHO.H2D.SuccOutIntraFreq"",""VS.HSDPA.HHO.H2D.SuccOutIur"",""VS.HSDPA.HHO.H2H.AttOutInterFreq"",""VS.HSDPA.HHO.H2H.AttOutIntraFreq"",""VS.HSDPA.HHO.H2H.AttOutIur"",""VS.HSDPA.HHO.H2H.SuccOutInterFreq"",""VS.HSDPA.HHO.H2H.SuccOutIntraFreq"",""VS.HSDPA.HHO.H2H.SuccOutIur"",""VS.HSDPA.HighImbalance.Time"",""VS.HSDPA.MACD.AttSetup"",""VS.HSDPA.MACD.Mean.Cell"",""VS.HSDPA.MACD.SuccSetup"",""VS.HSDPA.MC.SEC.UE.Mean.Cell"",""VS.HSDPA.MIMO.UE.Mean.Cell"",""VS.HSDPA.MIMO64QAM.UE.Mean.Cell"",""VS.HSDPA.MeanChThroughput"",""VS.HSDPA.MeanChThroughput.TotalBytes"",""VS.HSDPA.MeanChThrouput.HighLoad"",""VS.HSDPA.MeanCopperBeChThroughput"",""VS.HSDPA.MeanCopperBeChThroughput.TotalBytes"",""VS.HSDPA.MeanGoldenBeChThroughput"",""VS.HSDPA.MeanGoldenBeChThroughput.TotalBytes"",""VS.HSDPA.MeanSilverBeChThroughput"",""VS.HSDPA.MeanSilverBeChThroughput.TotalBytes"",""VS.HSDPA.MidImbalance.Time"",""VS.HSDPA.RAB.3C.AttEstab"",""VS.HSDPA.RAB.3C.SuccEstab"",""VS.HSDPA.RAB.3CMIMO.AttEstab"",""VS.HSDPA.RAB.3CMIMO.SuccEstab"",""VS.HSDPA.RAB.4C.AttEstab"",""VS.HSDPA.RAB.4C.SuccEstab"",""VS.HSDPA.RAB.4CMIMO.AttEstab"",""VS.HSDPA.RAB.4CMIMO.SuccEstab"",""VS.HSDPA.RAB.64QAM.AttEstab"",""VS.HSDPA.RAB.64QAM.SuccEstab"",""VS.HSDPA.RAB.AbnormRel"",""VS.HSDPA.RAB.AbnormRel.3C"",""VS.HSDPA.RAB.AbnormRel.3C2P"",""VS.HSDPA.RAB.AbnormRel.3CMIMO"",""VS.HSDPA.RAB.AbnormRel.3CMIMO2P"",""VS.HSDPA.RAB.AbnormRel.4C"",""VS.HSDPA.RAB.AbnormRel.4C2P"",""VS.HSDPA.RAB.AbnormRel.4CMIMO"",""VS.HSDPA.RAB.AbnormRel.4CMIMO2P"",""VS.HSDPA.RAB.AbnormRel.64QAM"",""VS.HSDPA.RAB.AbnormRel.64QAM2P"",""VS.HSDPA.RAB.AbnormRel.CellDCH.CellUpdt"",""VS.HSDPA.RAB.AbnormRel.DB"",""VS.HSDPA.RAB.AbnormRel.DB2P"",""VS.HSDPA.RAB.AbnormRel.DBMIMO"",""VS.HSDPA.RAB.AbnormRel.DBMIMO2P"",""VS.HSDPA.RAB.AbnormRel.DC"",""VS.HSDPA.RAB.AbnormRel.DC2P"",""VS.HSDPA.RAB.AbnormRel.DCMIMO2P"",""VS.HSDPA.RAB.AbnormRel.H2F"",""VS.HSDPA.RAB.AbnormRel.H2P"",""VS.HSDPA.RAB.AbnormRel.MIMO"",""VS.HSDPA.RAB.AbnormRel.MIMO2P"",""VS.HSDPA.RAB.AbnormRel.MIMO64QAM"",""VS.HSDPA.RAB.AbnormRel.MIMO64QAM2P"",""VS.HSDPA.RAB.AbnormRel.RF"",""VS.HSDPA.RAB.AbnormRel.SRBoH"",""VS.HSDPA.RAB.AbnormRel.SRBoH.H2P"",""VS.HSDPA.RAB.AttEstab"",""VS.HSDPA.RAB.AttEstab.BE.Copper"",""VS.HSDPA.RAB.AttEstab.BE.Golden"",""VS.HSDPA.RAB.AttEstab.BE.Silver"",""VS.HSDPA.RAB.DB.AttEstab"",""VS.HSDPA.RAB.DB.SuccEstab"",""VS.HSDPA.RAB.DBMIMO.AttEstab"",""VS.HSDPA.RAB.DBMIMO.SuccEstab"",""VS.HSDPA.RAB.DC.AttEstab"",""VS.HSDPA.RAB.DC.SuccEstab"",""VS.HSDPA.RAB.DCMIMO.AbnormRel"",""VS.HSDPA.RAB.DCMIMO.AttEstab"",""VS.HSDPA.RAB.DCMIMO.NormRel"",""VS.HSDPA.RAB.DCMIMO.SuccEstab"",""VS.HSDPA.RAB.FailEstab.DLIUBBand.Cong"",""VS.HSDPA.RAB.FailEstab.DLPower.Cong"",""VS.HSDPA.RAB.MIMO.AttEstab"",""VS.HSDPA.RAB.MIMO.SuccEstab"",""VS.HSDPA.RAB.MIMO64QAM.AttEstab"",""VS.HSDPA.RAB.MIMO64QAM.SuccEstab"",""VS.HSDPA.RAB.NormRel"",""VS.HSDPA.RAB.NormRel.3C"",""VS.HSDPA.RAB.NormRel.3C.All"",""VS.HSDPA.RAB.NormRel.3CMIMO"",""VS.HSDPA.RAB.NormRel.3CMIMO.All"",""VS.HSDPA.RAB.NormRel.4C"",""VS.HSDPA.RAB.NormRel.4C.All"",""VS.HSDPA.RAB.NormRel.4CMIMO"",""VS.HSDPA.RAB.NormRel.4CMIMO.All"",""VS.HSDPA.RAB.NormRel.64QAM"",""VS.HSDPA.RAB.NormRel.64QAM.All"",""VS.HSDPA.RAB.NormRel.DB"",""VS.HSDPA.RAB.NormRel.DB.All"",""VS.HSDPA.RAB.NormRel.DBMIMO"",""VS.HSDPA.RAB.NormRel.DBMIMO.All"",""VS.HSDPA.RAB.NormRel.DC"",""VS.HSDPA.RAB.NormRel.DC.All"",""VS.HSDPA.RAB.NormRel.DCMIMO.All"",""VS.HSDPA.RAB.NormRel.MIMO"",""VS.HSDPA.RAB.NormRel.MIMO.All"",""VS.HSDPA.RAB.NormRel.MIMO64QAM"",""VS.HSDPA.RAB.NormRel.MIMO64QAM.All"",""VS.HSDPA.RAB.NormRel.SRBoH.All"",""VS.HSDPA.RAB.NormRel.UsrInact"",""VS.HSDPA.RAB.SuccEstab"",""VS.HSDPA.RAB.SuccEstab.BE.Copper"",""VS.HSDPA.RAB.SuccEstab.BE.Golden"",""VS.HSDPA.RAB.SuccEstab.BE.Silver"",""VS.HSDPA.SHO.IubBasedServCellChg.AttOut"",""VS.HSDPA.SHO.IubBasedServCellChg.SuccOut"",""VS.HSDPA.SHO.ServCellChg.AsynCfg.AttOut"",""VS.HSDPA.SHO.ServCellChg.AsynCfg.SuccOut"",""VS.HSDPA.SHO.ServCellChg.AttOut"",""VS.HSDPA.SHO.ServCellChg.AttOutIur"",""VS.HSDPA.SHO.ServCellChg.SuccOut"",""VS.HSDPA.SHO.ServCellChg.SuccOutIur"",""VS.HSDPA.SRBoH.UE.Mean.Cell"",""VS.HSDPA.SamplesThroughput"",""VS.HSDPA.ServCellChg.MC.SEC.AttOut"",""VS.HSDPA.ServCellChg.MC.SEC.SuccOut"",""VS.HSDPA.SilverUE.Mean.Cell"",""VS.HSDPA.SumThroughput"",""VS.HSDPA.Traffic.HighLoad"",""VS.HSDPA.UE.Max.CAT1.6"",""VS.HSDPA.UE.Max.CAT11.12"",""VS.HSDPA.UE.Max.CAT13.14"",""VS.HSDPA.UE.Max.CAT15.16"",""VS.HSDPA.UE.Max.CAT17.20"",""VS.HSDPA.UE.Max.CAT21.24"",""VS.HSDPA.UE.Max.CAT25.28"",""VS.HSDPA.UE.Max.CAT29"",""VS.HSDPA.UE.Max.CAT30"",""VS.HSDPA.UE.Max.CAT31"",""VS.HSDPA.UE.Max.CAT32"",""VS.HSDPA.UE.Max.CAT7.10"",""VS.HSDPA.UE.Max.Cell"",""VS.HSDPA.UE.Max.Cell.Free"",""VS.HSDPA.UE.Mean.CAT1.6"",""VS.HSDPA.UE.Mean.CAT11.12"",""VS.HSDPA.UE.Mean.CAT13.14"",""VS.HSDPA.UE.Mean.CAT15.16"",""VS.HSDPA.UE.Mean.CAT17.20"",""VS.HSDPA.UE.Mean.CAT21.24"",""VS.HSDPA.UE.Mean.CAT25.28"",""VS.HSDPA.UE.Mean.CAT29"",""VS.HSDPA.UE.Mean.CAT30"",""VS.HSDPA.UE.Mean.CAT31"",""VS.HSDPA.UE.Mean.CAT32"",""VS.HSDPA.UE.Mean.CAT7.10"",""VS.HSDPA.UE.Mean.Cell"",""VS.HSDPA.UE.Mean.Cell.Free"",""VS.PS.Conv.Kbps.HSDSCH"",""VS.PS.Conv.Traffic.HSDSCH"""
21,BSC6900UMTS,Cell,67109391,60,{'D:\\Hourly_PM_Files\\3G_hourly_PM_Files\\pmexport_20190505\\pmresult_67109391_60_201905051400_201905051500.csv'},Algorithm,YES,1,"""VS.AMR.DL.RateDown"",""VS.AMR.DL.RateUp"",""VS.AMR.UL.RateDown"",""VS.AMR.UL.RateUp"",""VS.AMRWB.DLRateDown"",""VS.AMRWB.DLRateUp"",""VS.AMRWB.ULRateDown"",""VS.AMRWB.ULRateUp"",""VS.CPICH.MeanPwr"",""VS.Cell.DynShutDown.Time"",""VS.Cell.HSDPA.UnavailTime"",""VS.Cell.HSUPA.UnavailTime"",""VS.Cell.UnavailTime"",""VS.Cell.UnavailTime.Sys"",""VS.CellBreath.CPICHDown"",""VS.CellBreath.CPICHMax.Time"",""VS.CellBreath.CPICHMin.Time"",""VS.CellBreath.CPICHUp"",""VS.CellBreath.TCPOver.Time"",""VS.CellBreath.TCPUnder.Time"",""VS.DCCC.Att.F2P"",""VS.DCCC.AttDownsizing.DL.Cong"",""VS.DCCC.AttDownsizing.DL.Cov"",""VS.DCCC.AttDownsizing.DL.Thr"",""VS.DCCC.AttDownsizing.E2E.Thr"",""VS.DCCC.AttDownsizing.UL.Cong"",""VS.DCCC.AttDownsizing.UL.Cov"",""VS.DCCC.AttDownsizing.UL.Thr"",""VS.DCCC.AttUpsizing.DL.Thr"",""VS.DCCC.AttUpsizing.E2E.Thr"",""VS.DCCC.AttUpsizing.UL.Thr"",""VS.DCCC.C2D.Att"",""VS.DCCC.D2C.Att"",""VS.DCCC.D2P.Att"",""VS.DCCC.D2P.Succ"",""VS.DCCC.FastDormUe.DF2P.Att"",""VS.DCCC.FastDormUe.DF2P.Succ"",""VS.DCCC.P2D.Att"",""VS.DCCC.P2D.DRD.Att"",""VS.DCCC.P2D.DRD.Succ"",""VS.DCCC.P2D.Succ"",""VS.DCCC.P2F.Att"",""VS.DCCC.P2F.Succ"",""VS.DCCC.P2URAP"",""VS.DCCC.Succ.D2F"",""VS.DCCC.Succ.F2D"",""VS.DCCC.Succ.F2P"",""VS.DCCC.SuccDownsizing.DL.Cong"",""VS.DCCC.SuccDownsizing.DL.Cov"",""VS.DCCC.SuccDownsizing.DL.Thr"",""VS.DCCC.SuccDownsizing.E2E.Thr"",""VS.DCCC.SuccDownsizing.UL.Cong"",""VS.DCCC.SuccDownsizing.UL.Cov"",""VS.DCCC.SuccDownsizing.UL.Thr"",""VS.DCCC.SuccUpsizing.DL.Thr"",""VS.DCCC.SuccUpsizing.E2E.Thr"",""VS.DCCC.SuccUpsizing.UL.Thr"",""VS.DCCC.URAP2D.Att"",""VS.DCCC.URAP2D.Succ"",""VS.DCCC.URAP2F.Att"",""VS.DCCC.URAP2F.Succ"",""VS.DynClose.CellDel"",""VS.DynOpen.CellSetup"",""VS.FACH.CCCH.CONG.TIME"",""VS.FACH.DCCH.CONG.TIME"",""VS.FACH.DTCH.CONG.TIME"",""VS.HSDPA.H2P.Att"",""VS.HSDPA.H2P.Succ"",""VS.HSUPA.E2P.Att"",""VS.HSUPA.E2P.Succ"",""VS.HSUPAR99.Unfairness"",""VS.HSUPAR99.Unfairness.R99BERateDown"",""VS.LC.DLCreditUsed.Max"",""VS.LC.DLCreditUsed.Mean"",""VS.LC.DLCreditUsed.Min"",""VS.LC.ULCreditUsed.Max"",""VS.LC.ULCreditUsed.Mean"",""VS.LC.ULCreditUsed.Min"",""VS.LCC.HSDPA.CodeAdj.Att"",""VS.LCC.HSDPA.CodeAdj.Succ"",""VS.LCC.LDR.AMRRateDL"",""VS.LCC.LDR.AMRRateUL"",""VS.LCC.LDR.AMRSfRecfg"",""VS.LCC.LDR.CodeAdj.Att"",""VS.LCC.LDR.CodeAdj.Succ"",""VS.LCC.LDR.DL.BERateDown"",""VS.LCC.LDR.DL.QosReNego"",""VS.LCC.LDR.HSDPA.InterFreq"",""VS.LCC.LDR.HSDPA.InterRATCS"",""VS.LCC.LDR.HSDPA.InterRATPS"",""VS.LCC.LDR.HSUPA.InterFreq"",""VS.LCC.LDR.HSUPA.InterRATCS"",""VS.LCC.LDR.HSUPA.InterRATPS"",""VS.LCC.LDR.InterFreq"",""VS.LCC.LDR.InterRATCS"",""VS.LCC.LDR.InterRATPS"",""VS.LCC.LDR.MbmsPowerDec"",""VS.LCC.LDR.Num.DLCE"",""VS.LCC.LDR.Num.DLCode"",""VS.LCC.LDR.Num.DLIub"",""VS.LCC.LDR.Num.DLPower"",""VS.LCC.LDR.Num.ULCE"",""VS.LCC.LDR.Num.ULIub"",""VS.LCC.LDR.Num.ULPower"",""VS.LCC.LDR.Time.DLCE"",""VS.LCC.LDR.Time.DLCode"",""VS.LCC.LDR.Time.DLIub"",""VS.LCC.LDR.Time.DLPower"",""VS.LCC.LDR.Time.ULCE"",""VS.LCC.LDR.Time.ULIub"",""VS.LCC.LDR.Time.ULPower"",""VS.LCC.LDR.UL.BERateDown"",""VS.LCC.LDR.UL.QosReNego"",""VS.LCC.OLC.D2C"",""VS.LCC.OLC.DL.Num"",""VS.LCC.OLC.DL.TF"",""VS.LCC.OLC.DL.Time"",""VS.LCC.OLC.DL.UserRel"",""VS.LCC.OLC.HSDPA.UserRel"",""VS.LCC.OLC.HSUPA.UserRel"",""VS.LCC.OLC.MBMS.PTM.RBRel"",""VS.LCC.OLC.MBMS.PTP.RBRel"",""VS.LCC.OLC.UL.Num"",""VS.LCC.OLC.UL.TF"",""VS.LCC.OLC.UL.Time"",""VS.LCC.OLC.UL.UserRel"",""VS.NodeB.CPU.Cong.Dur"",""VS.PSR99.D2P.Att"",""VS.PSR99.D2P.Succ"",""VS.PUC.High.IntSrch.Updt"",""VS.PUC.High.Offset.Updt"",""VS.PUC.Light.IntSrch.Updt"",""VS.PUC.Light.Offset.Updt"",""VS.PUC.Norm.IntSrch.Updt"",""VS.PUC.Norm.Offset.Updt"",""VS.RAC.DCCC.Fail.Code.Cong"",""VS.RAC.DCCC.Fail.DLCE.Cong"",""VS.RAC.DCCC.Fail.DLPower.Cong"",""VS.RAC.DCCC.Fail.ULCE.Cong"",""VS.RAC.DCCC.Fail.ULPower.Cong"",""VS.RAC.DL.EqvUserNum"",""VS.RAC.HHO.Fail.Code.Cong"",""VS.RAC.HHO.Fail.DLCE.Cong"",""VS.RAC.HHO.Fail.DLIUBBand.Cong"",""VS.RAC.HHO.Fail.DLPower.Cong"",""VS.RAC.HHO.Fail.HSDPANum.Cong"",""VS.RAC.HHO.Fail.HSUPANum.Cong"",""VS.RAC.HHO.Fail.ULCE.Cong"",""VS.RAC.HHO.Fail.ULIUBBand.Cong"",""VS.RAC.HHO.Fail.ULPower.Cong"",""VS.RAC.HHO.Preempt.Cong"",""VS.RAC.HHOCallAcc"",""VS.RAC.HHOCallReq"",""VS.RAC.NewCallAcc"",""VS.RAC.NewCallReq"",""VS.RAC.NewCallReq.Fail.Code.Cong"",""VS.RAC.NewCallReq.Fail.DLCE.Cong"",""VS.RAC.NewCallReq.Fail.DLIUBBand.Cong"",""VS.RAC.NewCallReq.Fail.DLPower.Cong"",""VS.RAC.NewCallReq.Fail.HSDPANum.Cong"",""VS.RAC.NewCallReq.Fail.HSUPANum.Cong"",""VS.RAC.NewCallReq.Fail.ULCE.Cong"",""VS.RAC.NewCallReq.Fail.ULIUBBand.Cong"",""VS.RAC.NewCallReq.Fail.ULPower.Cong"",""VS.RAC.NewCallReq.Preempt.Cong"",""VS.RAC.ReconfigCallAcc"",""VS.RAC.ReconfigCallReq"",""VS.RAC.SHO.Fail.Code.Cong"",""VS.RAC.SHO.Fail.DLCE.Cong"",""VS.RAC.SHO.Fail.DLIUBBand.Cong"",""VS.RAC.SHO.Fail.DLPower.Cong"",""VS.RAC.SHO.Fail.HSUPANum.Cong"",""VS.RAC.SHO.Fail.ULCE.Cong"",""VS.RAC.SHO.Fail.ULIUBBand.Cong"",""VS.RAC.SHO.Fail.ULPower.Cong"",""VS.RAC.SHOCallAcc"",""VS.RAC.SHOCallReq"",""VS.RAC.TrChSwitch.Fail.Code.Cong"",""VS.RAC.TrChSwitch.Fail.DLCE.Cong"",""VS.RAC.TrChSwitch.Fail.DLIUBBand.Cong"",""VS.RAC.TrChSwitch.Fail.DLPower.Cong"",""VS.RAC.TrChSwitch.Fail.HSDPANum.Cong"",""VS.RAC.TrChSwitch.Fail.HSUPANum.Cong"",""VS.RAC.TrChSwitch.Fail.ULCE.Cong"",""VS.RAC.TrChSwitch.Fail.ULIUBBand.Cong"",""VS.RAC.TrChSwitch.Fail.ULPower.Cong"",""VS.RAC.TrChSwitchCallAcc"",""VS.RAC.TrChSwitchCallReq"",""VS.RAC.UL.EqvUserNum"",""VS.ULB.CPICH.AdjustNum"",""VS.ULB.CPICHMin.Time"""
22,BSC6900UMTS,Cell,67109392,60,{'D:\\Hourly_PM_Files\\3G_hourly_PM_Files\\pmexport_20190505\\pmresult_67109392_60_201905051400_201905051500.csv'},BLER,YES,1,"""VS.RepairTbNum.DEU.SRB.DCH"",""VS.RepairTbNum.DEU.SRB.RACH"",""VS.ULBLer.Out.AMR"",""VS.ULBler.AMR"",""VS.ULBler.AMR.ErrTB"",""VS.ULBler.AMR.Sample"",""VS.ULBler.AMRWB"",""VS.ULBler.AMRWB.ErrTB"",""VS.ULBler.AMRWB.Sample"",""VS.ULBler.CS64"",""VS.ULBler.CS64.ErrTB"",""VS.ULBler.CS64.Sample"",""VS.ULBler.DEU.AMRNB.ErrTB"",""VS.ULBler.DEU.AMRWB.ErrTB"",""VS.ULBler.Out.CS64"",""VS.ULBler.Out.PS.BE.DCH.128"",""VS.ULBler.Out.PS.BE.DCH.144"",""VS.ULBler.Out.PS.BE.DCH.16"",""VS.ULBler.Out.PS.BE.DCH.256"",""VS.ULBler.Out.PS.BE.DCH.32"",""VS.ULBler.Out.PS.BE.DCH.384"",""VS.ULBler.Out.PS.BE.DCH.64"",""VS.ULBler.Out.PS.BE.DCH.8"",""VS.ULBler.Out.PS.Conv"",""VS.ULBler.Out.PS.Str"",""VS.ULBler.PS.BE.DCH.128"",""VS.ULBler.PS.BE.DCH.128.ErrTB"",""VS.ULBler.PS.BE.DCH.128.Sample"",""VS.ULBler.PS.BE.DCH.144"",""VS.ULBler.PS.BE.DCH.144.ErrTB"",""VS.ULBler.PS.BE.DCH.144.Sample"",""VS.ULBler.PS.BE.DCH.16"",""VS.ULBler.PS.BE.DCH.16.ErrTB"",""VS.ULBler.PS.BE.DCH.16.Sample"",""VS.ULBler.PS.BE.DCH.256"",""VS.ULBler.PS.BE.DCH.256.ErrTB"",""VS.ULBler.PS.BE.DCH.256.Sample"",""VS.ULBler.PS.BE.DCH.32"",""VS.ULBler.PS.BE.DCH.32.ErrTB"",""VS.ULBler.PS.BE.DCH.32.Sample"",""VS.ULBler.PS.BE.DCH.384"",""VS.ULBler.PS.BE.DCH.384.ErrTB"",""VS.ULBler.PS.BE.DCH.384.Sample"",""VS.ULBler.PS.BE.DCH.64"",""VS.ULBler.PS.BE.DCH.64.ErrTB"",""VS.ULBler.PS.BE.DCH.64.Sample"",""VS.ULBler.PS.BE.DCH.8"",""VS.ULBler.PS.BE.DCH.8.ErrTB"",""VS.ULBler.PS.BE.DCH.8.Sample"",""VS.ULBler.PS.BE.RACH"",""VS.ULBler.PS.BE.RACH.ErrTB"",""VS.ULBler.PS.BE.RACH.Sample"",""VS.ULBler.PS.Conv"",""VS.ULBler.PS.Conv.ErrTB"",""VS.ULBler.PS.Conv.Sample"",""VS.ULBler.PS.Str"",""VS.ULBler.PS.Str.ErrTB"",""VS.ULBler.PS.Str.Sample"",""VS.ULBler.SRB.DCH"",""VS.ULBler.SRB.DCH.0"",""VS.ULBler.SRB.DCH.1"",""VS.ULBler.SRB.DCH.2"",""VS.ULBler.SRB.DCH.3"",""VS.ULBler.SRB.DCH.4"",""VS.ULBler.SRB.DCH.ErrTB"",""VS.ULBler.SRB.DCH.TotalTB"",""VS.ULBler.SRB.RACH"",""VS.ULBler.SRB.RACH.0"",""VS.ULBler.SRB.RACH.1"",""VS.ULBler.SRB.RACH.2"",""VS.ULBler.SRB.RACH.3"",""VS.ULBler.SRB.RACH.4"",""VS.ULBler.SRB.RACH.ErrTB"",""VS.ULBler.SRB.RACH.Sample"",""VS.Voice.VQI.Accept.TimeRate"",""VS.Voice.VQI.Average"",""VS.Voice.VQI.Bad.TimeRate"",""VS.Voice.VQI.Excellent.TimeRate"",""VS.Voice.VQI.Good.TimeRate"",""VS.Voice.VQI.Poor.TimeRate"""
23,BSC6900UMTS,IP Path,67109467,60,{'D:\\Hourly_PM_Files\\3G_hourly_PM_Files\\pmexport_20190505\\pmresult_67109467_60_201905051400_201905051500.csv'},IPPath,YES,1,"""VS.IPPATH.Act.Con"",""VS.IPPATH.Bwd.Cong"",""VS.IPPATH.Bwd.Cong.Dur"",""VS.IPPATH.Fwd.Cong"",""VS.IPPATH.Fwd.Cong.Dur"",""VS.IPPATH.PING.MaxDELAY"",""VS.IPPATH.PING.MaxJITTER"",""VS.IPPATH.PING.MaxLOST"",""VS.IPPATH.PING.MeanDELAY"",""VS.IPPATH.PING.MeanJITTER"",""VS.IPPATH.PING.MeanLOST"""
24,BSC6900UMTS,RNC,67109422,60,{'D:\\Hourly_PM_Files\\3G_hourly_PM_Files\\pmexport_20190505\\pmresult_67109422_60_201905051400_201905051500.csv'},CS_RAB_Setup,YES,1,"""VS.RAB.AttEstabCS.Conv.RNC"",""VS.RAB.AttEstabCS.Str.RNC"",""VS.RAB.AttEstabCS.VPLimit.RNC"",""VS.RAB.Num.CS.Mean"",""VS.RAB.SuccEstabCS.Conv.RNC"",""VS.RAB.SuccEstabCS.Str.RNC"""
25,BSC6900UMTS,RNC,67109424,60,{'D:\\Hourly_PM_Files\\3G_hourly_PM_Files\\pmexport_20190505\\pmresult_67109424_60_201905051400_201905051500.csv'},CS_RAB_Modification,YES,1,"""VS.RAB.AttModCS.Conv.RNC"",""VS.RAB.AttModCS.Str.RNC"",""VS.RAB.ModReqCS.VP.Fallback.RNC"",""VS.RAB.SuccModCS.Conv.RNC"",""VS.RAB.SuccModCS.Str.RNC"""
26,BSC6900UMTS,RNC,67109425,60,{'D:\\Hourly_PM_Files\\3G_hourly_PM_Files\\pmexport_20190505\\pmresult_67109425_60_201905051400_201905051500.csv'},CS_RAB_Release,YES,1,"""VS.RAB.AttRelCS.RNC"",""VS.RAB.SuccRelCS.RNC"""
27,BSC6900UMTS,RNC,67109426,60,{'D:\\Hourly_PM_Files\\3G_hourly_PM_Files\\pmexport_20190505\\pmresult_67109426_60_201905051400_201905051500.csv'},PS_RAB_Setup,YES,1,"""VS.RAB.AttEstPSBkg0.32.RNC"",""VS.RAB.AttEstabPS.Bkg.144.384.RNC"",""VS.RAB.AttEstabPS.Bkg.32.64.RNC"",""VS.RAB.AttEstabPS.Bkg.64.144.RNC"",""VS.RAB.AttEstabPS.Bkg.Mor384.RNC"",""VS.RAB.AttEstabPS.Bkg.RNC"",""VS.RAB.AttEstabPS.Conv.0.32.RNC"",""VS.RAB.AttEstabPS.Conv.Mor32.RNC"",""VS.RAB.AttEstabPS.Conv.RNC"",""VS.RAB.AttEstabPS.Int.0.32.RNC"",""VS.RAB.AttEstabPS.Int.144.384.RNC"",""VS.RAB.AttEstabPS.Int.32.64.RNC"",""VS.RAB.AttEstabPS.Int.64.144.RNC"",""VS.RAB.AttEstabPS.Int.Mor384.RNC"",""VS.RAB.AttEstabPS.Int.RNC"",""VS.RAB.AttEstabPS.Str.0.32.RNC"",""VS.RAB.AttEstabPS.Str.144.384.RNC"",""VS.RAB.AttEstabPS.Str.32.64.RNC"",""VS.RAB.AttEstabPS.Str.64.144.RNC"",""VS.RAB.AttEstabPS.Str.Mor384"",""VS.RAB.AttEstabPS.Str.RNC"",""VS.RAB.EstabPS.CellDCH.MaxTime"",""VS.RAB.EstabPS.CellDCH.MeanTime"",""VS.RAB.EstabPS.CellFACH.MaxTime"",""VS.RAB.EstabPS.CellFACH.MeanTime"",""VS.RAB.Num.PS.Mean"",""VS.RAB.SuccEstab.PS.0kbps.RNC"",""VS.RAB.SuccEstab.PS.Str.0.32.RNC"",""VS.RAB.SuccEstab.PS.Str.144.384.RNC"",""VS.RAB.SuccEstab.PS.Str.32.64.RNC"",""VS.RAB.SuccEstab.PS.Str.64.144.RNC"",""VS.RAB.SuccEstabPS.Bkg.0.32.RNC"",""VS.RAB.SuccEstabPS.Bkg.144.384.RNC"",""VS.RAB.SuccEstabPS.Bkg.32.64.RNC"",""VS.RAB.SuccEstabPS.Bkg.64.144.RNC"",""VS.RAB.SuccEstabPS.Bkg.Mor384.RNC"",""VS.RAB.SuccEstabPS.Bkg.RNC"",""VS.RAB.SuccEstabPS.Conv.0.32.RNC"",""VS.RAB.SuccEstabPS.Conv.Mor32.RNC"",""VS.RAB.SuccEstabPS.Conv.RNC"",""VS.RAB.SuccEstabPS.Int.0.32.RNC"",""VS.RAB.SuccEstabPS.Int.144.384.RNC"",""VS.RAB.SuccEstabPS.Int.32.64.RNC"",""VS.RAB.SuccEstabPS.Int.64.144.RNC"",""VS.RAB.SuccEstabPS.Int.Mor384.RNC"",""VS.RAB.SuccEstabPS.Int.RNC"",""VS.RAB.SuccEstabPS.Str.Mor384.RNC"",""VS.RAB.SuccEstabPS.Str.RNC"""
28,BSC6900UMTS,RNC,67109428,60,{'D:\\Hourly_PM_Files\\3G_hourly_PM_Files\\pmexport_20190505\\pmresult_67109428_60_201905051400_201905051500.csv'},PS_RAB_Modification,YES,1,"""RAB.AttModPS.Bgrd.RNC"",""RAB.AttModPS.Conv.RNC"",""RAB.AttModPS.Int.RNC"",""RAB.AttModPS.Str.RNC"",""VS.RAB.SuccModPS.Bkg.RNC"",""VS.RAB.SuccModPS.Conv.RNC"",""VS.RAB.SuccModPS.Int.RNC"",""VS.RAB.SuccModPS.Str.RNC"""
29,BSC6900UMTS,RNC,67109429,60,{'D:\\Hourly_PM_Files\\3G_hourly_PM_Files\\pmexport_20190505\\pmresult_67109429_60_201905051400_201905051500.csv'},PS_RAB_Release,YES,1,"""VS.RAB.AttRelPS.RNC"",""VS.RAB.SuccRelPS.RNC"""
30,BSC6900UMTS,RNC,67109430,60,{'D:\\Hourly_PM_Files\\3G_hourly_PM_Files\\pmexport_20190505\\pmresult_67109430_60_201905051400_201905051500.csv'},RAB_Release,YES,1,"""VS.RAB.AbnormRel.AMR.RNC"",""VS.RAB.AbnormRel.CS.RF.RNC"",""VS.RAB.AbnormRel.CS.RNC"",""VS.RAB.AbnormRel.CS64.RNC"",""VS.RAB.AbnormRel.PS.RF.RNC"",""VS.RAB.AbnormRel.PS.RNC"",""VS.RAB.NormRel.CS.RNC"",""VS.RAB.NormRel.CS.UEGen.RNC"",""VS.RAB.NormRel.PS.0kbps.Timeout.RNC"",""VS.RAB.NormRel.PS.RNC"",""VS.RAB.NormRel.PS.UEGen.RNC"",""VS.RAB.NormRel.VPLimit.RNC"""
31,BSC6900UMTS,RNC,67109431,60,{'D:\\Hourly_PM_Files\\3G_hourly_PM_Files\\pmexport_20190505\\pmresult_67109431_60_201905051400_201905051500.csv'},Multi-RAB_Service,YES,1,"""VS.MultRAB.0CS.2PS.RNC"",""VS.MultRAB.0CS3PS.RNC"",""VS.MultRAB.0CS4PS.RNC"",""VS.MultRAB.1CS1PS.RNC"",""VS.MultRAB.1CS2PS.RNC"",""VS.MultRAB.1CS3PS.RNC"""
32,BSC6900UMTS,UMTS DSP,67109546,60,{'D:\\Hourly_PM_Files\\3G_hourly_PM_Files\\pmexport_20190428\\pmresult_67109546_60_201904280000_201904280100.csv'},DSP,YES,1,"""VS.DSP.PSDLTraffic"",""VS.DSP.PSULTraffic"",""VS.DSP.UsageAvg"",""VS.DSP.UsagePeak"""
33,BTS3900,Local Cell,50331648,60,{'D:\\Hourly_PM_Files\\3G_hourly_PM_Files\\pmexport_20190505\\pmresult_50331648_60_201905051400_201905051500.csv'},HSDPA,YES,1,"""VS.3CHSDPA.DataTtiNum.User"",""VS.4CHSDPA.DataTtiNum.User"",""VS.AckFirst"",""VS.AckRemain"",""VS.AckRetrans.1"",""VS.AckRetrans.10"",""VS.AckRetrans.2"",""VS.AckRetrans.3"",""VS.AckRetrans.4"",""VS.AckRetrans.5"",""VS.AckRetrans.6"",""VS.AckRetrans.7"",""VS.AckRetrans.8"",""VS.AckRetrans.9"",""VS.AckTotal"",""VS.AvaiHSDPAPwrRatio.Max"",""VS.AvaiHSDPAPwrRatio.Mean"",""VS.AvaiHSDPAPwrRatio.Min"",""VS.CQI.0"",""VS.CQI.1"",""VS.CQI.10"",""VS.CQI.11"",""VS.CQI.12"",""VS.CQI.13"",""VS.CQI.14"",""VS.CQI.15"",""VS.CQI.16"",""VS.CQI.17"",""VS.CQI.18"",""VS.CQI.19"",""VS.CQI.2"",""VS.CQI.20"",""VS.CQI.21"",""VS.CQI.22"",""VS.CQI.23"",""VS.CQI.24"",""VS.CQI.25"",""VS.CQI.26"",""VS.CQI.27"",""VS.CQI.28"",""VS.CQI.29"",""VS.CQI.3"",""VS.CQI.30"",""VS.CQI.4"",""VS.CQI.5"",""VS.CQI.6"",""VS.CQI.7"",""VS.CQI.8"",""VS.CQI.9"",""VS.DBHSDPA.DataTtiNum.User"",""VS.DCHSDPA.DataTtiNum.User"",""VS.DataCQI.MEAN"",""VS.DataDiscardRatio.Max"",""VS.DataDiscardRatio.Mean"",""VS.DataDiscardRatio.Min"",""VS.DataOutput.3CHSDPA.Traffic"",""VS.DataOutput.4CHSDPA.Traffic"",""VS.DataOutput.DBHSDPA.Traffic"",""VS.DataOutput.DCHSDPA.Traffic"",""VS.DataOutput.Max"",""VS.DataOutput.Max.FreeUser"",""VS.DataOutput.Mean"",""VS.DataOutput.Mean.FreeUser"",""VS.DataOutput.Min"",""VS.DataOutput.Min.FreeUser"",""VS.DataOutput.User"",""VS.DataOutput.UserData"",""VS.DataTtiRatio.Mean"",""VS.DtxTotal"",""VS.HSDPA.16QAMCfg.ActedNum"",""VS.HSDPA.2ScchCodeRatio"",""VS.HSDPA.3ScchCodeRatio"",""VS.HSDPA.4ScchCodeRatio"",""VS.HSDPA.64QAMCfg.ActedNum"",""VS.HSDPA.64QAMCfg.ScheduledNum"",""VS.HSDPA.All.ScheduledNum"",""VS.HSDPA.DCCfg.AnchorCarrierActedNum"",""VS.HSDPA.DCCfg.DualCarrierActedNum"",""VS.HSDPA.DCCfg.SupCarrierActedNum"",""VS.HSDPA.DCCfg.SupCarrierDeact.TimeRatio"",""VS.HSDPA.DataOutput.TRB"",""VS.HSDPA.DataOutput.Traffic"",""VS.HSDPA.DataTtiNum.TRB"",""VS.HSDPA.DataTtiNum.User"",""VS.HSDPA.DpchMaxPwrRestr.ActRatio"",""VS.HSDPA.InactiveDataTtiNum.TRB"",""VS.HSDPA.InactiveDataTtiRatio.Mean"",""VS.HSDPA.MIMO64QAMCfg.ActedNum"",""VS.HSDPA.MIMO64QAMCfg.ScheduledNum"",""VS.HSDPA.QPSKCfg.ActedNum"",""VS.HSDPA.ScheInactiveDataTtiRatio.Mean"",""VS.HSDPAPwrRatio.Max.FreeUser"",""VS.HSDPAPwrRatio.Mean.FreeUser"",""VS.HSDPAPwrRatio.Mean.ResG0"",""VS.HSDPAPwrRatio.Mean.ResG1"",""VS.HSDPAPwrRatio.Mean.ResG2"",""VS.HSDPAPwrRatio.Mean.ResG3"",""VS.HSDPAPwrRatio.PLMN0"",""VS.HSDPAPwrRatio.PLMN1"",""VS.HSDPAPwrRatio.PLMN2"",""VS.HSDPAPwrRatio.PLMN3"",""VS.HSDPAPwrRatio.SharedOperator0"",""VS.HSDPAPwrRatio.SharedOperator1"",""VS.HSDPAPwrRatio.SharedOperator2"",""VS.HSDPAPwrRatio.SharedOperator3"",""VS.MIMOCfg.ActedNum"",""VS.MIMOCfg.ScheduledNum"",""VS.MIMODUALSTREAM1.ACK"",""VS.MIMODUALSTREAM1.DTX"",""VS.MIMODUALSTREAM1.NACK"",""VS.MIMODUALSTREAM2.ACK"",""VS.MIMODUALSTREAM2.DTX"",""VS.MIMODUALSTREAM2.NACK"",""VS.MIMODualCQI1.0"",""VS.MIMODualCQI1.1"",""VS.MIMODualCQI1.10"",""VS.MIMODualCQI1.11"",""VS.MIMODualCQI1.12"",""VS.MIMODualCQI1.13"",""VS.MIMODualCQI1.14"",""VS.MIMODualCQI1.2"",""VS.MIMODualCQI1.3"",""VS.MIMODualCQI1.4"",""VS.MIMODualCQI1.5"",""VS.MIMODualCQI1.6"",""VS.MIMODualCQI1.7"",""VS.MIMODualCQI1.8"",""VS.MIMODualCQI1.9"",""VS.MIMODualCQI2.0"",""VS.MIMODualCQI2.1"",""VS.MIMODualCQI2.10"",""VS.MIMODualCQI2.11"",""VS.MIMODualCQI2.12"",""VS.MIMODualCQI2.13"",""VS.MIMODualCQI2.14"",""VS.MIMODualCQI2.2"",""VS.MIMODualCQI2.3"",""VS.MIMODualCQI2.4"",""VS.MIMODualCQI2.5"",""VS.MIMODualCQI2.6"",""VS.MIMODualCQI2.7"",""VS.MIMODualCQI2.8"",""VS.MIMODualCQI2.9"",""VS.NackTotal"",""VS.PdschCodeAvail.Max"",""VS.PdschCodeAvail.Mean"",""VS.PdschCodeUsed.Max"",""VS.PdschCodeUsed.Mean"",""VS.PdschCodeUsed.Min"",""VS.PdschCodeUtil.Max"",""VS.PdschCodeUtil.Mean"",""VS.PdschCodeUtil.Mean.Data"",""VS.PdschCodeUtil.Mean.User"",""VS.PdschCodeUtil.Min"",""VS.PdschPwrRatio.Max"",""VS.PdschPwrRatio.Mean"",""VS.PdschPwrRatio.Min"",""VS.SCPICH.AvgPowerRate"",""VS.SCPICH.PwrOn.Duration"",""VS.ScchCodeUtil.Max"",""VS.ScchCodeUtil.Mean"",""VS.ScchCodeUtil.Mean.Data"",""VS.ScchCodeUtil.Mean.User"",""VS.ScchCodeUtil.Min"",""VS.ScchPwrRatio.Max"",""VS.ScchPwrRatio.Mean"",""VS.ScchPwrRatio.Min"",""VS.UsedCQI0"",""VS.UsedCQI1"",""VS.UsedCQI10"",""VS.UsedCQI11"",""VS.UsedCQI12"",""VS.UsedCQI13"",""VS.UsedCQI14"",""VS.UsedCQI15"",""VS.UsedCQI16"",""VS.UsedCQI17"",""VS.UsedCQI18"",""VS.UsedCQI19"",""VS.UsedCQI2"",""VS.UsedCQI20"",""VS.UsedCQI21"",""VS.UsedCQI22"",""VS.UsedCQI23"",""VS.UsedCQI24"",""VS.UsedCQI25"",""VS.UsedCQI26"",""VS.UsedCQI27"",""VS.UsedCQI28"",""VS.UsedCQI29"",""VS.UsedCQI3"",""VS.UsedCQI30"",""VS.UsedCQI31to39"",""VS.UsedCQI4"",""VS.UsedCQI5"",""VS.UsedCQI6"",""VS.UsedCQI7"",""VS.UsedCQI8"",""VS.UsedCQI9"",""VS.UserTtiRatio.Mean"""
34,BTS3900,Local Cell,50331650,60,{'D:\\Hourly_PM_Files\\3G_hourly_PM_Files\\pmexport_20190505\\pmresult_50331650_60_201905051400_201905051500.csv'},Cell_Traffic,YES,1,"""VS.DLCE.Max.Dedicated"",""VS.DLCE.Max.Shared"",""VS.DLCE.Mean.Dedicated"",""VS.DLCE.Mean.Shared"",""VS.ULCE.Max.Dedicated"",""VS.ULCE.Max.Shared"",""VS.ULCE.Mean.Dedicated"",""VS.ULCE.Mean.Shared"",""VS.ULCoMP.ULCE.Max.Dedicated"",""VS.ULCoMP.ULCE.Max.Shared"",""VS.ULCoMP.ULCE.Mean.Dedicated"",""VS.ULCoMP.ULCE.Mean.Shared"""
35,BTS3900,Local Cell,50331676,60,{'D:\\Hourly_PM_Files\\3G_hourly_PM_Files\\pmexport_20190505\\pmresult_50331676_60_201905051400_201905051500.csv'},HSDPA_2,YES,1,"""VS.Ack.RetraSch"",""VS.AllHSDPA.DataTtiNum.User"",""VS.DataOutput.AllHSDPA.Traffic"",""VS.DataOutput.InterNBDBHSDPA.AllSec.Traffic"",""VS.DataOutput.InterNBDBHSDPA.Traffic"",""VS.HSDPA.64QAMCfg.Acted.Traffic"",""VS.HSDPA.64QAMCfg.Traffic"",""VS.HSDPA.CQI.64QAM.0"",""VS.HSDPA.CQI.64QAM.1"",""VS.HSDPA.CQI.64QAM.2"",""VS.HSDPA.CQI.64QAM.3"",""VS.HSDPA.CellThroughput.UnderThd.BufferLimit.TTINum"",""VS.HSDPA.CellThroughput.UnderThd.CQILimit.TTINum"",""VS.HSDPA.CellThroughput.UnderThd.CodeLimit.TTINum"",""VS.HSDPA.CellThroughput.UnderThd.PowerLimit.TTINum"",""VS.HSDPA.Data.IubMacdPdu"",""VS.HSDPA.Data.TTINum.SharedOperator0"",""VS.HSDPA.Data.TTINum.SharedOperator1"",""VS.HSDPA.Data.TTINum.SharedOperator2"",""VS.HSDPA.Data.TTINum.SharedOperator3"",""VS.HSDPA.DataOutput.Total"",""VS.HSDPA.DataOutput.Traffic.SHO"",""VS.HSDPA.DataTtiNum.User.SHO"",""VS.HSDPA.DelaySensitive.DataOutput"",""VS.HSDPA.DelaySensitive.DataOutput.Urgency"",""VS.HSDPA.FullBuffer.ThdLimit.Throughput.TTINum.0"",""VS.HSDPA.FullBuffer.ThdLimit.Throughput.TTINum.1"",""VS.HSDPA.FullBuffer.ThdLimit.Throughput.TTINum.10"",""VS.HSDPA.FullBuffer.ThdLimit.Throughput.TTINum.2"",""VS.HSDPA.FullBuffer.ThdLimit.Throughput.TTINum.3"",""VS.HSDPA.FullBuffer.ThdLimit.Throughput.TTINum.4"",""VS.HSDPA.FullBuffer.ThdLimit.Throughput.TTINum.5"",""VS.HSDPA.FullBuffer.ThdLimit.Throughput.TTINum.6"",""VS.HSDPA.FullBuffer.ThdLimit.Throughput.TTINum.7"",""VS.HSDPA.FullBuffer.ThdLimit.Throughput.TTINum.8"",""VS.HSDPA.FullBuffer.ThdLimit.Throughput.TTINum.9"",""VS.HSDPA.FullBuffer.ThdLimit.Throughput.Traffic.0"",""VS.HSDPA.FullBuffer.ThdLimit.Throughput.Traffic.1"",""VS.HSDPA.FullBuffer.ThdLimit.Throughput.Traffic.10"",""VS.HSDPA.FullBuffer.ThdLimit.Throughput.Traffic.2"",""VS.HSDPA.FullBuffer.ThdLimit.Throughput.Traffic.3"",""VS.HSDPA.FullBuffer.ThdLimit.Throughput.Traffic.4"",""VS.HSDPA.FullBuffer.ThdLimit.Throughput.Traffic.5"",""VS.HSDPA.FullBuffer.ThdLimit.Throughput.Traffic.6"",""VS.HSDPA.FullBuffer.ThdLimit.Throughput.Traffic.7"",""VS.HSDPA.FullBuffer.ThdLimit.Throughput.Traffic.8"",""VS.HSDPA.FullBuffer.ThdLimit.Throughput.Traffic.9"",""VS.HSDPA.FullBuffer.ThdLimit.ThroughputSatisfied.TTINum"",""VS.HSDPA.FullBuffer.ThdLimit.ThroughputSatisfied.Traffic"",""VS.HSDPA.FullBuffer.Throughput.SumNum.0"",""VS.HSDPA.FullBuffer.Throughput.SumNum.1"",""VS.HSDPA.FullBuffer.Throughput.SumNum.10"",""VS.HSDPA.FullBuffer.Throughput.SumNum.2"",""VS.HSDPA.FullBuffer.Throughput.SumNum.3"",""VS.HSDPA.FullBuffer.Throughput.SumNum.4"",""VS.HSDPA.FullBuffer.Throughput.SumNum.5"",""VS.HSDPA.FullBuffer.Throughput.SumNum.6"",""VS.HSDPA.FullBuffer.Throughput.SumNum.7"",""VS.HSDPA.FullBuffer.Throughput.SumNum.8"",""VS.HSDPA.FullBuffer.Throughput.SumNum.9"",""VS.HSDPA.MCCfg.SupCarrierDeact.Traffic.TimeRatio"",""VS.HSDPA.NotSchedule.CMGAP"",""VS.HSDPA.NotSchedule.CQI0"",""VS.HSDPA.NotSchedule.InvalidCQI"",""VS.HSDPA.PdschCodeUsed.0"",""VS.HSDPA.PdschCodeUsed.1"",""VS.HSDPA.PdschCodeUsed.10"",""VS.HSDPA.PdschCodeUsed.11"",""VS.HSDPA.PdschCodeUsed.12"",""VS.HSDPA.PdschCodeUsed.13"",""VS.HSDPA.PdschCodeUsed.14"",""VS.HSDPA.PdschCodeUsed.15"",""VS.HSDPA.PdschCodeUsed.2"",""VS.HSDPA.PdschCodeUsed.3"",""VS.HSDPA.PdschCodeUsed.4"",""VS.HSDPA.PdschCodeUsed.5"",""VS.HSDPA.PdschCodeUsed.6"",""VS.HSDPA.PdschCodeUsed.7"",""VS.HSDPA.PdschCodeUsed.8"",""VS.HSDPA.PdschCodeUsed.9"",""VS.HSDPA.PrioritizedVideoUserNum.Mean"",""VS.HSDPA.RemainResLimit.HSDPAPwr"",""VS.HSDPA.RemainResLimit.PdschCode"",""VS.HSDPA.RemainResLimit.ScchCode"",""VS.HSDPA.ScheduleLimit.TTINum.SharedOperator0"",""VS.HSDPA.ScheduleLimit.TTINum.SharedOperator1"",""VS.HSDPA.ScheduleLimit.TTINum.SharedOperator2"",""VS.HSDPA.ScheduleLimit.TTINum.SharedOperator3"",""VS.HSDPA.ScheduleNum.DelaySensitive"",""VS.HSDPA.ScheduleNum.DelaySensitive.Blind"",""VS.HSDPA.UserNum.Mean"",""VS.HSDPA.VideoUserNum.Mean"",""VS.HSDPAPwrShare.TtiNum"",""VS.InterNBDBHSDPA.DataTtiNum.User"""
36,BTS3900,NodeB,50331649,60,{'D:\\Hourly_PM_Files\\3G_hourly_PM_Files\\pmexport_20190505\\pmresult_50331649_60_201905051400_201905051500.csv'},Iub_per_NodeB,YES,1,"""VS.ATMDlAvgUsed.1"",""VS.ATMDlAvgUsed.2"",""VS.ATMDlAvgUsed.3"",""VS.ATMDlAvgUsed.4"",""VS.ATMDlMaxUsed.1"",""VS.ATMDlMaxUsed.2"",""VS.ATMDlMaxUsed.3"",""VS.ATMDlMaxUsed.4"",""VS.ATMDlTotal.1"",""VS.ATMDlTotal.2"",""VS.ATMDlTotal.3"",""VS.ATMDlTotal.4"",""VS.ATMUlAvgUsed.1"",""VS.ATMUlAvgUsed.2"",""VS.ATMUlAvgUsed.3"",""VS.ATMUlAvgUsed.4"",""VS.ATMUlMaxUsed.1"",""VS.ATMUlMaxUsed.2"",""VS.ATMUlMaxUsed.3"",""VS.ATMUlMaxUsed.4"",""VS.ATMUlTotal.1"",""VS.ATMUlTotal.2"",""VS.ATMUlTotal.3"",""VS.ATMUlTotal.4"",""VS.AttRLADD.MAX"",""VS.AttRLADD.MEAN"",""VS.AttRLRecfg.MAX"",""VS.AttRLRecfg.MEAN"",""VS.AttRLSETUP.MAX"",""VS.AttRLSETUP.MEAN"",""VS.DedicMeaRpt.MAX"",""VS.DedicMeaRpt.MEAN"""
37,BTS3900,NodeB Board,50331656,60,{'D:\\Hourly_PM_Files\\3G_hourly_PM_Files\\pmexport_20190505\\pmresult_50331656_60_201905051400_201905051500.csv'},NodeB_Board_Service,YES,1,"""VS.BOARD.UsedHsdpaUserRatio.Max"",""VS.BOARD.UsedHsdpaUserRatio.Mean"",""VS.BOARD.UsedHsupaUserRatio.Max"",""VS.BOARD.UsedHsupaUserRatio.Mean"",""VS.CE.DLAvailable.Board"",""VS.CE.DLMax.Board"",""VS.CE.DLMean.Board"",""VS.CE.DLMin.Board"",""VS.CE.ULAvailable.Board"",""VS.CE.ULMax.Board"",""VS.CE.ULMean.Board"",""VS.CE.ULMin.Board"",""VS.ULCoMP.CE.ULMax.Board"",""VS.ULCoMP.CE.ULMean.Board"""
